Name,Platform,Year_of_Release,Genre,Publisher,NA_Sales,EU_Sales,JP_Sales,Other_Sales,Global_Sales,Critic_Score,Critic_Count,User_Score,User_Count,Developer,Rating
Mappy,NES,1984,Platform,Namco Bandai Games,0,0,0.69,0,0.69,40,22,10,31,,
Pac-Man,NES,1984,Puzzle,Namco Bandai Games,0.27,0.08,0.85,0.02,1.22,42,21,6,49,,
Xevious,NES,1984,Shooter,Namco Bandai Games,0.18,0.06,1.27,0.01,1.52,85,81,10,0,,
Dig Dug,NES,1985,Puzzle,Namco Bandai Games,0,0,0.41,0,0.41,77,1,1,71,,
Tag Team Match M.U.S.C.L.E.,NES,1985,Fighting,Namco Bandai Games,0,0,1.05,0,1.05,58,6,10,89,,
Pro Yakyuu Family Stadium,NES,1986,Sports,Namco Bandai Games,0.15,0,2.05,0,2.2,18,97,3,15,,
World Class Track Meet,NES,1986,Sports,Namco Bandai Games,1.92,0.45,0.64,0.07,3.08,59,80,5,58,,
Gegege no Kitarou 2: Youkai Gundan no Chousen,NES,1987,Role-Playing,Namco Bandai Games,0,0,1.25,0,1.25,78,51,3,47,,
Pro Yakyuu Family Stadium '87,NES,1987,Sports,Namco Bandai Games,0.12,0,1.3,0,1.42,77,48,2,75,,
Dragon Ball: Daimaou Fukkatsu,NES,1988,Role-Playing,Namco Bandai Games,0,0,1.25,0,1.25,64,1,8,6,,
Pro Yakyuu Family Stadium '88,NES,1988,Sports,Namco Bandai Games,0.1,0,1.08,0,1.18,91,46,8,55,,
Famicom Jump: Eiyuu Retsuden,NES,1989,Role-Playing,Namco Bandai Games,0,0,1.1,0,1.1,47,23,1,100,,
Extra Bases,GB,1990,Sports,Namco Bandai Games,0,0,0.33,0,0.33,23,82,10,22,,
Famista '91,NES,1990,Sports,Namco Bandai Games,0,0,0.3,0,0.3,39,74,4,100,,
Famista '92,NES,1991,Sports,Namco Bandai Games,0,0,0.28,0,0.28,80,75,1,46,,
Kidou Senshi Gundam F91: Formula Senki 0122,SNES,1991,Strategy,Namco Bandai Games,0,0,0.33,0,0.33,82,40,5,50,,
Super Wagyan Land,SNES,1991,Action,Namco Bandai Games,0,0,0.42,0,0.42,17,85,2,2,,
Dragon Ball Z: Chou Saiya Densetsu,SNES,1992,Role-Playing,Namco Bandai Games,0,0,0.58,0,0.58,52,4,5,80,,
Super Batter Up,SNES,1992,Sports,Namco Bandai Games,0,0,0.46,0,0.46,67,97,7,76,,
Bishoujo Senshi Sailormoon R,SNES,1993,Fighting,Namco Bandai Games,0,0,0.27,0,0.27,86,24,0,29,,
Crayon Shin-Chan: Arashi o Yobu Enji,SNES,1993,Platform,Namco Bandai Games,0,0,0.46,0,0.46,38,1,8,79,,
Dragon Ball Z,SNES,1993,Fighting,Namco Bandai Games,0,0,1.45,0,1.45,90,78,5,29,,
Dragon Ball Z: La Legende Saien,SNES,1993,Fighting,Namco Bandai Games,0,0,1.2,0,1.2,0,69,3,61,,
Dragon Ball Z: Ultime Menace,SNES,1993,Fighting,Namco Bandai Games,0,0,0.73,0,0.73,66,78,10,88,,
J-League Soccer: Prime Goal,SNES,1993,Sports,Namco Bandai Games,0,0,0.69,0,0.69,69,60,7,83,,
Sailor Moon,SNES,1993,Action,Namco Bandai Games,0,0,0.22,0,0.22,41,55,9,52,,
Yuu Yuu Hakusho,SNES,1993,Fighting,Namco Bandai Games,0,0,0.36,0,0.36,43,53,2,62,,
J-League Soccer: Prime Goal 2,SNES,1994,Sports,Namco Bandai Games,0,0,0.53,0,0.53,3,25,6,94,,
Kidou Senshi V Gundam,SNES,1994,Action,Namco Bandai Games,0,0,0.03,0,0.03,57,92,3,58,,
SD Gundam GX,SNES,1994,Strategy,Namco Bandai Games,0,0,0.19,0,0.19,79,30,4,1,,
Slam Dunk: Yonkyo Taiketsu!!,SNES,1994,Sports,Namco Bandai Games,0,0,0.27,0,0.27,99,55,8,33,,
Super Famista 3,SNES,1994,Sports,Namco Bandai Games,0,0,0.39,0,0.39,95,96,2,6,,
Yuu Yuu Hakusho 2: Kakutou no Sho,SNES,1994,Fighting,Namco Bandai Games,0,0,0.31,0,0.31,95,13,7,12,,
Captain Tsubasa J: The Way to World Youth,SNES,1995,Sports,Namco Bandai Games,0,0,0.03,0,0.03,75,5,2,10,,
Dragon Ball Z Hyper Dimension,SNES,1995,Fighting,Namco Bandai Games,0,0,0.21,0,0.21,30,44,8,43,,
Dragon Ball Z Super Gokuden: Kakusei-Hen,SNES,1995,Role-Playing,Namco Bandai Games,0,0,0.11,0,0.11,39,63,5,97,,
Dragon Ball Z: Idainaru Dragon Ball Densetsu,SAT,1995,Fighting,Namco Bandai Games,0,0,0.15,0,0.15,1,80,10,9,,
Dragon Ball Z: Shin Butouden,SAT,1995,Fighting,Namco Bandai Games,0,0,0.09,0,0.09,75,27,4,73,,
Mobile Suit Gundam,SAT,1995,Action,Namco Bandai Games,0,0,0.41,0,0.41,73,25,9,13,,
Mobile Suit Gundam,PS,1995,Action,Namco Bandai Games,0,0,0.42,0.03,0.45,6,72,7,54,,
SD Gundam GNext,SNES,1995,Strategy,Namco Bandai Games,0,0,0.2,0,0.2,66,11,1,68,,
Slam Dunk SD Heat Up!!,SNES,1995,Sports,Namco Bandai Games,0,0,0.05,0,0.05,14,0,3,93,,
Super Famista 4,SNES,1995,Sports,Namco Bandai Games,0,0,0.42,0,0.42,49,32,7,100,,
Tales of Phantasia,SNES,1995,Role-Playing,Namco Bandai Games,0,0,0.4,0,0.4,14,89,3,84,,
Dragon Ball Z: Idainaru Dragon Ball Densetsu,PS,1996,Fighting,Namco Bandai Games,0,0,0.18,0.01,0.19,11,10,4,25,,
Mobile Suit Gundam Side Story I: Senritsu no Blue,SAT,1996,Shooter,Namco Bandai Games,0,0,0.28,0,0.28,37,20,8,100,,
Mobile Suit Gundam Side Story II: Aoi o Uketsugu Mono,SAT,1996,Shooter,Namco Bandai Games,0,0,0.2,0,0.2,49,93,0,21,,
Mobile Suit Gundam version 2.0,PS,1996,Action,Namco Bandai Games,0,0,0.36,0.02,0.38,38,87,10,80,,
SD Gundam: Over Galaxian,PS,1996,Shooter,Namco Bandai Games,0,0,0.05,0,0.05,1,21,6,21,,
Super Famista 5,SNES,1996,Sports,Namco Bandai Games,0,0,0.5,0,0.5,14,38,4,22,,
Tamagotchi,GB,1996,Simulation,Namco Bandai Games,0,0,1.44,0.01,1.45,30,59,3,3,,
World Stadium EX,PS,1996,Sports,Namco Bandai Games,0,0,0.41,0.03,0.44,10,48,6,79,,
64 de Hakken! Tamagotchi Minna de Tamagotchi World,N64,1997,Misc,Namco Bandai Games,0,0,0.22,0,0.22,38,46,4,94,,
Choujikuu Yousai Macross: Ai Oboete Imasu ka,SAT,1997,Shooter,Namco Bandai Games,0,0,0.1,0,0.1,22,44,1,91,,
Dragon Ball GT: Final Bout,PS,1997,Fighting,Namco Bandai Games,0.02,0.02,0.22,0.02,0.27,22,77,3,77,,
Game de Hakken!! Tamagotchi 2,GB,1997,Simulation,Namco Bandai Games,0,0,1.44,0.01,1.45,27,91,2,60,,
Gundam: The Battle Master,PS,1997,Fighting,Namco Bandai Games,0,0,0.13,0.01,0.14,68,10,3,32,,
Macross Digital Mission VF-X,PS,1997,Simulation,Namco Bandai Games,0,0,0.28,0.02,0.3,63,99,4,20,,
Mobile Suit Gundam Side Story III: Sabakareshi Mono,SAT,1997,Shooter,Namco Bandai Games,0,0,0.15,0,0.15,90,39,0,14,,
Mobile Suit Gundam: Perfect One Year War,PS,1997,Strategy,Namco Bandai Games,0,0,0.14,0.01,0.15,50,71,9,29,,
Mobile Suit Z-Gundam,PS,1997,Action,Namco Bandai Games,0,0,0.34,0.02,0.36,47,17,10,51,,
SD Gundam G Century,PS,1997,Strategy,Namco Bandai Games,0,0,0.27,0.02,0.29,26,59,8,0,,
Tales of Destiny,PS,1997,Role-Playing,Namco Bandai Games,0.09,0.06,0.83,0.07,1.04,8,68,2,1,,
Time Crisis,PS,1997,Shooter,Namco Bandai Games,0.38,0.87,0.33,0.1,1.68,55,8,5,70,,
Treasures of the Deep,PS,1997,Action,Namco Bandai Games,0.1,0.07,0,0.01,0.19,24,94,1,97,,
Gundam Battle Assault,PS,1998,Fighting,Namco Bandai Games,0.13,0.09,0,0.02,0.23,61,4,7.8,4,Natsume,T
Kidou Senshi Gundam: Giren no Yabou,SAT,1998,Strategy,Namco Bandai Games,0,0,0.25,0,0.25,86,96,4,63,,
Pac-Man World,PS,1998,Action,Namco Bandai Games,1.21,0.14,0.1,0.04,1.5,24,20,8,66,,
Point Blank 2,PS,1998,Shooter,Namco Bandai Games,0.02,0.02,0,0,0.04,33,97,10,64,,
R4: Ridge Racer Type 4,PS,1998,Racing,Namco Bandai Games,0.68,0.46,0.79,0.13,2.06,88,18,9.2,21,Namco,
SD Gundam G Generation,PS,1998,Strategy,Namco Bandai Games,0,0,0.67,0.05,0.72,81,14,8,80,,
Tail Concerto,PS,1998,Adventure,Namco Bandai Games,0.02,0.01,0,0,0.03,17,1,6,67,,
Tales of Phantasia,PS,1998,Role-Playing,Namco Bandai Games,0,0,0.54,0.04,0.58,15,97,4,71,,
World Stadium 2,PS,1998,Sports,Namco Bandai Games,0,0,0.42,0.03,0.45,53,4,10,27,,
Bass Rise,PS,1999,Sports,Namco Bandai Games,0.03,0.02,0,0,0.05,43,78,0,98,,
Chocobo no Fushigi Dungeon for WonderSwan,WS,1999,Role-Playing,Namco Bandai Games,0,0,0.18,0,0.18,48,75,1,41,,
Countdown Vampires,PS,1999,Adventure,Namco Bandai Games,0.02,0.01,0,0,0.04,41,6,5,74,K2 LLC,M
Digimon Adventure: Anode Tamer,WS,1999,Role-Playing,Namco Bandai Games,0,0,0.28,0,0.28,20,88,9,73,,
Digimon Digital Card Battle,PS,1999,Strategy,Namco Bandai Games,0.06,0.04,0,0.01,0.11,51,5,9,44,Bandai,T
Digimon World,PS,1999,Role-Playing,Namco Bandai Games,0.56,0.38,0.28,0.08,1.3,2,41,2,21,,
Mr. Driller,PS,1999,Puzzle,Namco Bandai Games,0.02,0.01,0,0,0.04,77,82,2,19,,
Namco Museum 64,N64,1999,Misc,Namco Bandai Games,1.24,0.17,0.03,0.01,1.45,75,72,8,50,,
Neon Genesis Evangelion,N64,1999,Adventure,Namco Bandai Games,0,0,0.06,0,0.06,74,83,3,90,,
PD Ultraman Battle Collection 64,N64,1999,Strategy,Namco Bandai Games,0,0,0.04,0,0.04,21,81,5,48,,
SD Gundam G Generation Zero,PS,1999,Strategy,Namco Bandai Games,0,0,0.51,0.04,0.55,71,17,4,4,,
SoulCalibur,DC,1999,Fighting,Namco Bandai Games,0,0,0.34,0,0.34,98,24,8.8,200,Namco,T
Space Battleship Yamato: Harukanaru Hoshi Iscandar,PS,1999,Strategy,Namco Bandai Games,0,0,0.16,0.01,0.17,68,82,8,47,,
World Stadium 3,PS,1999,Sports,Namco Bandai Games,0,0,0.31,0.02,0.33,23,3,7,1,,
Digimon World 2,PS,2000,Role-Playing,Namco Bandai Games,0.23,0.16,0.16,0.04,0.58,42,5,7.6,47,Bandai,E
Mobile Suit Gundam: Giren no Yabou- Zeon no Keifu,PS,2000,Strategy,Namco Bandai Games,0,0,0.54,0.04,0.57,57,52,8,14,,
Mobile Suit Gundam: Journey to Jaburo,PS2,2000,Simulation,Namco Bandai Games,0.16,0.13,0.36,0.04,0.7,58,16,8.1,49,Bandai,T
MotoGP,PS2,2000,Racing,Namco Bandai Games,0.06,0.05,0.14,0.02,0.27,77,16,6,5,Namco,E
Ms. Pac-Man Maze Madness,PS,2000,Puzzle,Namco Bandai Games,0.25,0.17,0,0.03,0.44,7,40,1,39,,
Ms. Pac-Man: Maze Madness,N64,2000,Puzzle,Namco Bandai Games,0.18,0.04,0,0,0.22,84,37,4,74,,
Point Blank 3,PS,2000,Shooter,Namco Bandai Games,0.01,0.01,0,0,0.02,78,5,8.4,5,Tose Software,T
Ridge Racer V,PS2,2000,Action,Namco Bandai Games,0.24,0.19,0.75,0.06,1.24,78,20,7.7,6,Namco,E
SD Gundam G Generation-F,PS,2000,Strategy,Namco Bandai Games,0,0,0.36,0.02,0.38,95,79,0,83,,
Seven: Molmorth no Kiheitai,PS2,2000,Action,Namco Bandai Games,0,0,0.09,0,0.09,55,24,8,90,,
Super Robot Taisen Compact 2 Dai-1-Bu,WS,2000,Strategy,Namco Bandai Games,0,0,0.17,0,0.17,32,8,6,73,,
Tales of Destiny II,PS,2000,Role-Playing,Namco Bandai Games,0.06,0.04,0.66,0.05,0.81,78,9,8.7,31,Namco,T
Tekken Tag Tournament,PS2,2000,Fighting,Namco Bandai Games,1.68,1.51,0.51,0.35,4.05,85,25,8.5,117,Namco,T
World Stadium 4,PS,2000,Sports,Namco Bandai Games,0,0,0.15,0.01,0.16,92,58,4,50,,
Digimon Rumble Arena,PS,2001,Fighting,Namco Bandai Games,0.01,0.01,0,0,0.02,64,5,8.8,71,Bandai,E
From TV Animation One Piece: Tobidase Kaizokudan!,PS,2001,Role-Playing,Namco Bandai Games,0,0,0.32,0.02,0.35,2,91,5,27,,
Gundam Battle Online,DC,2001,Action,Namco Bandai Games,0,0,0.04,0,0.04,99,63,6,94,,
Mobile Suit Gundam: Zeonic Front,PS2,2001,Simulation,Namco Bandai Games,0.09,0.07,0.25,0.02,0.43,71,12,8.8,23,Sunrise Interactive,T
Mr. Driller 2,GBA,2001,Puzzle,Namco Bandai Games,0,0,0.15,0,0.16,62,16,7,19,Namco,E
Namco Museum,PS2,2001,Misc,Namco Bandai Games,1.73,0.07,0,0.02,1.82,72,9,6,5,Mass Media,E
Namco Museum,GBA,2001,Misc,Namco Bandai Games,3,1.11,0.05,0.07,4.24,79,10,7.3,6,Mass Media,E
SD Gundam G Generation: Gather Beat 2,WS,2001,Strategy,Namco Bandai Games,0,0,0.03,0,0.03,37,1,8,5,,
SD Gundam G Generation-F.I.F,PS,2001,Strategy,Namco Bandai Games,0,0,0.11,0.01,0.12,74,53,6,85,,
Time Crisis II,PS2,2001,Shooter,Namco Bandai Games,0.26,0.2,0,0.07,0.53,81,21,7.9,20,Namco,T
Time Crisis: Project Titan,PS,2001,Shooter,Namco Bandai Games,0.03,0.02,0,0,0.05,71,13,6.7,6,Flying Tiger Development,T
World Stadium 5,PS,2001,Sports,Namco Bandai Games,0,0,0.09,0.01,0.09,58,64,4,20,,
From TV Animation One Piece: Grand Battle 2,PS,2002,Fighting,Namco Bandai Games,0,0,0.56,0.04,0.6,94,100,1,50,,
From TV Animation One Piece: Treasure Battle!,GC,2002,Fighting,Namco Bandai Games,0,0,0.28,0.01,0.29,38,92,1,25,,
InuYasha: A Feudal Fairy Tale,PS,2002,Fighting,Namco Bandai Games,0,0,0.1,0.01,0.11,69,5,9,74,Dimps Corporation,T
Jitsumei Jikkyou Keiba Dream Classic 2002,PS2,2002,Sports,Namco Bandai Games,0,0,0.02,0,0.02,76,49,8,28,,
Kamen Rider Ryuki,PS,2002,Action,Namco Bandai Games,0,0,0.13,0.01,0.14,21,83,8,84,,
Klonoa 2: Dream Champ Tournament,GBA,2002,Platform,Namco Bandai Games,0.02,0.01,0,0,0.03,78,20,9.3,6,Namco,E
Klonoa Beach Volleyball,PS,2002,Sports,Namco Bandai Games,0.03,0.02,0,0,0.06,40,43,1,87,,
Klonoa Heroes: Densetsu no Star Medal,GBA,2002,Role-Playing,Namco Bandai Games,0,0,0.04,0,0.04,45,42,5,37,,
Mobile Suit Gundam: Giren no Yabou Zeon Dokuritsu Sensouden,PS2,2002,Strategy,Namco Bandai Games,0,0,0.38,0,0.38,87,99,9,75,,
Mobile Suit Gundam: Lost War Chronicles,PS2,2002,Shooter,Namco Bandai Games,0,0,0.39,0,0.39,47,78,5,16,,
Namco Museum,GC,2002,Misc,Namco Bandai Games,0.48,0.13,0,0.02,0.63,62,10,7,27,Mass Media,E
Netsu Chu! Pro Yakyuu 2002,PS2,2002,Sports,Namco Bandai Games,0,0,0.25,0,0.25,13,97,2,70,,
Ninja Assault,PS2,2002,Shooter,Namco Bandai Games,0.05,0.04,0,0.01,0.11,60,17,5.3,4,Namco,T
Pac-Man World 2,XB,2002,Action,Namco Bandai Games,0.36,0.11,0,0.02,0.49,66,7,7,51,Namco,E
Pac-Man World 2,PS2,2002,Action,Namco Bandai Games,1.26,0.05,0,0.21,1.51,73,19,7.8,26,Namco,E
Samurai Deeper Kyo,PS,2002,Fighting,Namco Bandai Games,0,0,0.05,0,0.05,26,42,8,44,,
SD Gundam G Generation Neo,PS2,2002,Strategy,Namco Bandai Games,0,0,0.57,0,0.57,15,53,6,40,,
Shaman King: Spirit of Shamans,PS,2002,Action,Namco Bandai Games,0,0,0.18,0.01,0.2,36,36,4,74,,
Smashing Drive,XB,2002,Racing,Namco Bandai Games,0.03,0.01,0,0,0.04,42,9,5,18,Namco,T
Taiko no Tatsujin: Tatakon de Dodon ga Don,PS2,2002,Misc,Namco Bandai Games,0,0,0.76,0,0.76,68,91,4,30,,
Tales of Destiny 2,PS2,2002,Role-Playing,Namco Bandai Games,0,0,0.8,0,0.8,36,46,0,44,,
Tales of the World: Narikiri Dungeon 2,GBA,2002,Role-Playing,Namco Bandai Games,0,0,0.19,0,0.19,24,27,6,39,,
Tekken 4,PS2,2002,Fighting,Namco Bandai Games,1.55,1.27,0.33,0.29,3.44,79,23,8.3,126,Namco,T
Ultimate Muscle - The Kinnikuman Legacy: Legends vs New Generation,GC,2002,Fighting,Namco Bandai Games,0.04,0.01,0.08,0,0.14,24,76,1,57,,
Xenosaga Episode I: Der Wille zur Macht,PS2,2002,Role-Playing,Namco Bandai Games,0.63,0.49,0.45,0.17,1.74,83,35,8.7,99,Monolith Soft,T
Digimon Battle Spirit 2,GBA,2003,Fighting,Namco Bandai Games,0.11,0.04,0,0,0.15,63,5,8,74,Dimps Corporation,E
From TV Animation One Piece: Grand Battle! 3,PS2,2003,Fighting,Namco Bandai Games,0,0,0.32,0,0.32,66,48,6,22,,
From TV Animation One Piece: Grand Battle! 3,GC,2003,Fighting,Namco Bandai Games,0,0,0.2,0.01,0.2,52,4,3,18,,
I-Ninja,XB,2003,Platform,Namco Bandai Games,0.05,0.02,0,0,0.07,75,18,8.4,8,Argonaut Games,T
I-Ninja,GC,2003,Platform,Namco Bandai Games,0.07,0.02,0,0,0.09,77,18,7.6,8,Argonaut Games,T
Kill.Switch,XB,2003,Shooter,Namco Bandai Games,0.18,0.05,0,0.01,0.24,75,26,8,7,Namco,T
Mobile Suit Gundam Seed,PS2,2003,Action,Namco Bandai Games,0,0,0.22,0,0.22,37,16,2,49,,
Mobile Suit Gundam: Encounters in Space,PS2,2003,Simulation,Namco Bandai Games,0.05,0.04,0.61,0.01,0.72,66,10,8.5,37,Bandai,T
Mobile Suit Z Gundam: AEUG vs. Titans,PS2,2003,Fighting,Namco Bandai Games,0,0,0.63,0,0.63,1,36,2,100,,
MotoGP 3 - Official Game of MotoGP,PS2,2003,Racing,Namco Bandai Games,0.06,0.05,0,0.02,0.12,49,28,1,68,,
Netsu Chu! Pro Yakyuu 2003,PS2,2003,Sports,Namco Bandai Games,0,0,0.28,0,0.28,95,30,7,74,,
Pac-Man Player's Choice Bundle,GC,2003,Misc,Namco Bandai Games,0.48,0.12,0,0.02,0.62,100,0,10,4,,
R: Racing Evolution,XB,2003,Racing,Namco Bandai Games,0.06,0.02,0,0,0.09,67,29,2,40,Namco,T
R: Racing Evolution,PS2,2003,Racing,Namco Bandai Games,0.14,0.11,0,0.04,0.28,66,35,6.2,5,Namco,T
R: Racing Evolution,GC,2003,Racing,Namco Bandai Games,0.06,0.02,0,0,0.08,67,35,4,47,Namco,T
Shaman King: Soul Fight,GC,2003,Platform,Namco Bandai Games,0,0,0.05,0,0.05,30,36,3,32,,
SoulCalibur II,XB,2003,Fighting,Namco Bandai Games,0.78,0.18,0.03,0,1,92,39,8.9,54,Namco,T
SoulCalibur II,PS2,2003,Fighting,Namco Bandai Games,1.06,0.62,0.13,0.25,2.06,92,41,8.8,120,Namco,T
SoulCalibur II,GC,2003,Fighting,Namco Bandai Games,0.99,0.32,0.11,0.08,1.5,93,45,9.1,135,Namco,T
Taiko no Tatsujin: Appare Sandaime,PS2,2003,Misc,Namco Bandai Games,0,0,0.49,0,0.49,4,8,8,1,,
Taiko no Tatsujin: Doki! Shinkyoku Darake no Haru Matsuri,PS2,2003,Misc,Namco Bandai Games,0,0,0.44,0,0.44,71,77,0,17,,
Taiko no Tatsujin: Waku Waku Anime Matsuri,PS2,2003,Misc,Namco Bandai Games,0,0,0.2,0,0.2,57,29,10,82,,
Time Crisis 3,PS2,2003,Shooter,Namco Bandai Games,0.3,0.23,0,0.08,0.61,81,29,8.1,12,Namco,T
Battle Assault 3 featuring Gundam Seed,PS2,2004,Action,Namco Bandai Games,0.02,0.01,0,0,0.03,48,9,8.7,7,Natsume,T
Digimon Racing,GBA,2004,Racing,Namco Bandai Games,0.09,0.03,0,0,0.13,62,10,4,40,Griptonite Games,E
Dragon Ball: Advanced Adventure,GBA,2004,Action,Namco Bandai Games,0.03,0.01,0,0,0.04,75,7,8.5,11,Dimps Corporation,E10+
Famicom Mini: Dig Dug,GBA,2004,Puzzle,Namco Bandai Games,0,0,0.05,0,0.05,22,2,1,25,,
Galactic Wrestling: Featuring Ultimate Muscle,PS2,2004,Fighting,Namco Bandai Games,0.03,0.02,0.17,0.01,0.22,61,12,8,5,Aki Corp.,T
Ghost in the Shell: Stand Alone Complex,PS2,2004,Adventure,Namco Bandai Games,0.08,0.06,0,0.02,0.16,47,71,2,43,,
Gundam Seed: Battle Assault,GBA,2004,Fighting,Namco Bandai Games,0.06,0.02,0,0,0.08,77,7,6,24,,
InuYasha: The Secret of the Cursed Mask,PS2,2004,Role-Playing,Namco Bandai Games,0.21,0.17,0,0.06,0.43,51,7,8.1,28,Kamui,T
Katamari Damacy,PS2,2004,Puzzle,Namco Bandai Games,0.47,0.02,0.17,0.08,0.73,86,55,9,86,Namco,E
Kotoba no Puzzle: Mojipittan Daijiten,PSP,2004,Puzzle,Namco Bandai Games,0,0,0.11,0,0.11,85,26,6,37,,
Mobile Suit Gundam Seed: Never Ending Tomorrow,PS2,2004,Shooter,Namco Bandai Games,0.03,0.02,0,0.01,0.06,45,16,7.8,10,Bec,T
Mobile Suit Gundam: Gundam vs. Zeta Gundam,PS2,2004,Shooter,Namco Bandai Games,0.03,0.02,0,0.01,0.06,57,16,8.6,11,Capcom,T
Naruto: Ultimate Ninja 2,PS2,2004,Fighting,Namco Bandai Games,0.47,0.02,0,0.08,0.57,73,27,7.9,27,CyberConnect2,T
Ridge Racer DS,DS,2004,Racing,Namco Bandai Games,0.14,0,0,0.01,0.15,63,35,6.7,7,Namco,E
SD Gundam Force,GBA,2004,Shooter,Namco Bandai Games,0.01,0,0,0,0.02,23,33,3,84,Bandai,E
SD Gundam Force: Showdown!,PS2,2004,Shooter,Namco Bandai Games,0.02,0.01,0,0,0.04,87,85,10,64,,
SD Gundam G Generation Seed,PS2,2004,Strategy,Namco Bandai Games,0,0,0.4,0,0.4,77,59,4,8,,
SRS: Street Racing Syndicate,XB,2004,Racing,Namco Bandai Games,0.18,0.05,0,0.01,0.24,46,15,6,34,,
SRS: Street Racing Syndicate,PS2,2004,Racing,Namco Bandai Games,0.26,0.21,0,0.07,0.54,16,6,1,86,,
SRS: Street Racing Syndicate,GC,2004,Racing,Namco Bandai Games,0.07,0.02,0,0,0.08,81,14,8,72,,
Taiko Drum Master,PS2,2004,Misc,Namco Bandai Games,0.1,0.08,0,0.03,0.2,77,35,8.1,8,Namco,E
Taiko no Tatsujin: Go! Go! Godaime,PS2,2004,Misc,Namco Bandai Games,0,0,0.2,0,0.2,67,65,3,45,,
Tales of Rebirth,PS2,2004,Role-Playing,Namco Bandai Games,0,0,0.59,0,0.59,90,13,9,88,,
The Legend of Heroes II: Prophecy of the Moonlight Witch,PSP,2004,Role-Playing,Namco Bandai Games,0.03,0,0.11,0,0.14,63,25,6.9,11,Microvision,E10+
Time Crisis: Crisis Zone,PS2,2004,Shooter,Namco Bandai Games,0.11,0.09,0,0.03,0.22,66,38,5,2,Namco,T
DICE: DNA Integrated Cybernetic Enterprises,PS2,2005,Shooter,Namco Bandai Games,0.01,0.01,0,0,0.03,48,15,9,10,Natsume,E10+
Digimon World 4,GC,2005,Role-Playing,Namco Bandai Games,0.07,0.02,0,0,0.09,55,4,8.1,19,Bandai,E
Gumby vs. the Astrobots,GBA,2005,Action,Namco Bandai Games,0.03,0.01,0,0,0.04,63,4,6,14,Torus Games,E
Gundam Battle Tactics,PSP,2005,Action,Namco Bandai Games,0,0,0.07,0,0.07,23,50,10,72,,
Gundam SEED: Federation vs. Z.A.F.T.,PS2,2005,Shooter,Namco Bandai Games,0,0,0.44,0,0.44,63,77,9,0,,
InuYasha: Feudal Combat,PS2,2005,Fighting,Namco Bandai Games,0.13,0.1,0,0.03,0.27,52,14,8.3,21,Eighting,T
Kidou Gekidan Haro Ichiza Gundam Mahjong DS: Oyaji nimo Agarareta koto nai noni!,DS,2005,Misc,Namco Bandai Games,0,0,0.04,0,0.04,47,63,0,42,,
Me & My Katamari,PSP,2005,Puzzle,Namco Bandai Games,0.13,0.01,0.08,0,0.23,79,5,5,50,,
Mobile Suit Gundam Seed Destiny: Generation of C.E.,PS2,2005,Action,Namco Bandai Games,0,0,0.18,0,0.18,100,23,7,31,,
Mobile Suit Gundam: One Year War,PS2,2005,Action,Namco Bandai Games,0,0,0.44,0,0.44,33,14,4,22,,
Ms Saga: A New Dawn,PS2,2005,Role-Playing,Namco Bandai Games,0.02,0.02,0,0.01,0.05,65,27,8.6,15,Bandai,E10+
Ms. Pac-Man: Maze Madness / Pac-Man World,GBA,2005,Puzzle,Namco Bandai Games,0.17,0.06,0,0,0.24,13,73,7,76,,
Namco Museum 50th Anniversary (JP sales),PS2,2005,Misc,Namco Bandai Games,0,0,0.02,0,0.02,12,3,5,61,,
Namco Museum: 50th Anniversary,XB,2005,Misc,Namco Bandai Games,0.13,0.04,0,0.01,0.18,62,23,10,33,Backbone Vancouver,E10+
Namco Museum: 50th Anniversary,PS2,2005,Misc,Namco Bandai Games,2.08,1.35,0,0.54,3.98,61,21,8,7,Digital Eclipse,E10+
Namco Museum: 50th Anniversary,GC,2005,Misc,Namco Bandai Games,0.17,0.04,0,0.01,0.21,60,23,9,30,Backbone Vancouver,E10+
Namco Museum: 50th Anniversary,GBA,2005,Misc,Namco Bandai Games,0.14,0.05,0,0,0.2,60,7,10,47,Backbone Vancouver,E
Pac 'n Roll,DS,2005,Platform,Namco Bandai Games,0.09,0,0.02,0.01,0.11,72,35,5,54,Namco,E
Pac-Man World 3,XB,2005,Platform,Namco Bandai Games,0.11,0.04,0,0.01,0.15,65,16,1,97,Blitz Games,E
Pac-Man World 3,PSP,2005,Platform,Namco Bandai Games,0.07,0,0,0.01,0.07,61,9,6,4,Blitz Games,E
Pac-Man World 3,PS2,2005,Platform,Namco Bandai Games,0.1,0.08,0,0.03,0.21,63,22,5.2,13,Blitz Games,E
Pac-Man World 3,GC,2005,Platform,Namco Bandai Games,0.07,0.02,0,0,0.09,66,17,7.3,10,Blitz Games,E
Pac-Man World 3,DS,2005,Platform,Namco Bandai Games,0.15,0,0,0.01,0.17,44,8,9,4,"Blitz Games, Human Soft",E
Pac-Pix,DS,2005,Puzzle,Namco Bandai Games,0.16,0,0.1,0.01,0.27,71,41,7.1,7,Namco,E
Real Time Conflict: Shogun Empires,DS,2005,Strategy,Namco Bandai Games,0.06,0,0,0,0.07,35,6,5.6,11,Box Clever Interactive,E10+
Ridge Racer 6,X360,2005,Racing,Namco Bandai Games,0.1,0.02,0.07,0.01,0.2,74,65,7.1,28,Namco,E
SD Gundam G Generation DS,DS,2005,Role-Playing,Namco Bandai Games,0,0,0.09,0,0.09,84,57,6,60,,
SD Gundam: Gashapon Wars,GC,2005,Strategy,Namco Bandai Games,0,0,0.07,0,0.07,15,15,8,82,,
Shonen Jump's One Piece: Grand Adventure,PS2,2005,Fighting,Namco Bandai Games,0.01,0.01,0,0,0.02,64,85,0,67,,
Shonen Jump's One Piece: Grand Battle,GC,2005,Fighting,Namco Bandai Games,0.05,0.01,0,0,0.06,87,47,0,41,,
Shonen Jump's One Piece: Pirates Carnival,GC,2005,Misc,Namco Bandai Games,0.06,0.02,0,0,0.08,22,64,4,34,,
SoulCalibur III,PS2,2005,Fighting,Namco Bandai Games,0.74,0.15,0.13,0.05,1.07,86,57,8.4,96,Namco,T
Tales of Legendia,PS2,2005,Role-Playing,Namco Bandai Games,0.07,0.05,0.35,0.02,0.49,72,37,7.7,38,Namco,T
Tales of the Abyss,PS2,2005,Role-Playing,Namco Bandai Games,0,0,0.57,0,0.57,78,22,8.4,109,Namco,T
Tekken 5,PS2,2005,Fighting,Namco Bandai Games,0.93,1.94,0.31,0.7,3.87,88,62,8.6,229,Namco,T
The Berenstain Bears and the Spooky Old Tree,GBA,2005,Platform,Namco Bandai Games,0.03,0.01,0,0,0.05,66,43,2,95,,
The Legend of Heroes: A Tear of Vermillion,PSP,2005,Role-Playing,Namco Bandai Games,0.08,0,0,0.01,0.09,68,24,7.7,26,Microvision,T
Urban Reign,PS2,2005,Action,Namco Bandai Games,0.04,0.03,0,0.01,0.08,60,44,8.2,26,Namco,T
Zatch Bell! Mamodo Battles,PS2,2005,Fighting,Namco Bandai Games,0.04,0.03,0,0.01,0.08,6,5,9,75,,
Zatch Bell! Mamodo Battles,GC,2005,Fighting,Namco Bandai Games,0.05,0.01,0,0,0.06,40,53,5,35,,
Zatch Bell! Mamodo Fury,GC,2005,Fighting,Namco Bandai Games,0.03,0.01,0,0,0.04,29,32,9,53,,
.hack//G.U. Vol.1//Rebirth,PS2,2006,Role-Playing,Namco Bandai Games,0,0,0.17,0,0.17,17,9,7,82,,
.hack//G.U. Vol.2//Reminisce,PS2,2006,Role-Playing,Namco Bandai Games,0.11,0.09,0,0.03,0.23,55,36,8,39,,
.hack//G.U. Vol.2//Reminisce (jp sales),PS2,2006,Role-Playing,Namco Bandai Games,0,0,0.16,0,0.16,25,23,0,59,,
Ace Combat X: Skies of Deception,PSP,2006,Simulation,Namco Bandai Games,0.37,0.3,0.12,0.19,0.99,75,26,8.3,30,Project Aces,T
Ace Combat Zero: The Belkan War,PS2,2006,Simulation,Namco Bandai Games,0.15,0.12,0.2,0.04,0.51,75,45,8.4,55,Namco,T
Battle Stadium D.O.N,PS2,2006,Fighting,Namco Bandai Games,0,0,0.15,0,0.15,42,53,2,4,,
Battle Stadium D.O.N,GC,2006,Fighting,Namco Bandai Games,0,0,0.09,0,0.09,58,64,7,65,,
Bounty Hounds,PSP,2006,Action,Namco Bandai Games,0.03,0,0,0,0.03,63,14,6,7,Xpec,T
Brave Story: Boku no Kioku to Negai,DS,2006,Role-Playing,Namco Bandai Games,0,0,0.02,0,0.02,77,26,5,20,,
Captain Tsubasa,PS2,2006,Sports,Namco Bandai Games,0,0,0.08,0,0.08,73,55,5,28,,
Chuugen no Hasha: Sangoku Shouseiden,PSP,2006,Strategy,Namco Bandai Games,0,0,0.02,0,0.02,57,6,2,49,,
Culdcept SAGA,X360,2006,Role-Playing,Namco Bandai Games,0.12,0,0.03,0.01,0.16,75,33,8.7,49,"Omiya Soft, Jamsworks",T
Curious George,XB,2006,Action,Namco Bandai Games,0.02,0.01,0,0,0.03,57,11,6,44,Monkey Bar Games,E
Curious George,PS2,2006,Action,Namco Bandai Games,0.06,0.05,0,0.02,0.12,53,13,7.7,6,Monkey Bar Games,E
Curious George,GC,2006,Action,Namco Bandai Games,0.11,0.03,0,0,0.15,76,31,2,11,,
Curious George,GBA,2006,Action,Namco Bandai Games,0.12,0.04,0,0,0.16,65,5,8,57,Torus Games,E
Digimon World DS,DS,2006,Role-Playing,Namco Bandai Games,0.09,0,0,0.01,0.1,71,8,7.6,27,Bec,E10+
Digimon World DS (JP sales),DS,2006,Role-Playing,Namco Bandai Games,0,0,0.23,0,0.23,12,38,9,1,,
Digimon World: Data Squad,PS2,2006,Role-Playing,Namco Bandai Games,0.12,0.09,0,0.03,0.24,43,12,8,20,Bec,E10+
Ennichi no Tatsujin,Wii,2006,Misc,Namco Bandai Games,0,0,0.1,0,0.1,98,65,3,80,,
Eureka Seven Vol. 2: The New Vision,PS2,2006,Shooter,Namco Bandai Games,0,0,0.02,0,0.02,40,17,7,5,Namco Bandai Games America,T
Gintama DS: Yorozuya Daisoudou,DS,2006,Action,Namco Bandai Games,0,0,0.07,0,0.07,82,12,7,46,,
Gundam Battle Royale,PSP,2006,Action,Namco Bandai Games,0,0,0.12,0,0.12,25,94,9,7,,
Heisei Kyouiku linkai DS,DS,2006,Misc,Namco Bandai Games,0,0,0.21,0,0.21,6,44,2,43,,
JoJo no Kimy? na B?ken Fantomu Buraddo,PS2,2006,Action,Namco Bandai Games,0,0,0.05,0,0.05,88,43,1,60,,
Kaitou Rousseau,DS,2006,Action,Namco Bandai Games,0,0,0.01,0,0.01,85,29,2,52,,
Kamen Rider Kabuto,PS2,2006,Action,Namco Bandai Games,0,0,0.06,0,0.06,22,33,7,36,,
Mage Knight: Destiny's Soldier,DS,2006,Strategy,Namco Bandai Games,0.02,0,0,0,0.02,59,8,7.1,11,Big Blue Bubble Inc.,E10+
Mobile Suit Gundam Seed Destiny: Rengou vs. Z.A.F.T. II Plus,PS2,2006,Shooter,Namco Bandai Games,0,0,0.49,0,0.49,42,32,3,51,,
Mobile Suit Gundam: Climax U.C.,PS2,2006,Action,Namco Bandai Games,0,0,0.23,0,0.23,27,47,1,97,,
Mobile Suit Gundam: Crossfire,PS3,2006,Simulation,Namco Bandai Games,0.06,0,0.14,0.01,0.2,33,31,5.1,47,Bec,T
Naruto: Ninja Destiny,DS,2006,Fighting,Namco Bandai Games,0.02,0.01,0.16,0,0.19,61,22,4.4,10,Takara Tomy,T
Naruto: Ninja Destiny (US sales),DS,2006,Fighting,Namco Bandai Games,0.3,0,0,0,0.3,10,100,7,77,,
Naruto: Ultimate Ninja Heroes,PSP,2006,Fighting,Namco Bandai Games,0.26,0,0,0,0.26,70,11,6.6,11,Bandai,T
Naruto: Ultimate Ninja Heroes (JP sales),PSP,2006,Fighting,Namco Bandai Games,0,0,0.06,0,0.06,51,81,5,11,,
Naruto: Uzumaki Chronicles 2,PS2,2006,Action,Namco Bandai Games,0.28,0.22,0,0.07,0.58,52,22,6.9,17,Cavia Inc.,T
Naruto: Uzumaki Chronicles 2 (JP sales),PS2,2006,Action,Namco Bandai Games,0,0,0.05,0,0.05,96,28,9,3,,
Pac-Man World Rally,PSP,2006,Racing,Namco Bandai Games,0.04,0,0,0,0.04,51,9,8,2,Smart Bomb Interactive,E
Pac-Man World Rally,PS2,2006,Racing,Namco Bandai Games,0.01,0.01,0,0,0.02,54,20,7.4,5,Smart Bomb Interactive,E
Pac-Man World Rally,GC,2006,Racing,Namco Bandai Games,0.06,0.02,0,0,0.08,57,10,7.8,4,Smart Bomb Interactive,E
Portable Island: Tenohira Resort,PSP,2006,Simulation,Namco Bandai Games,0,0,0.02,0,0.02,49,6,10,35,,
Pro Yakyuu Netsu Star 2006,PS2,2006,Sports,Namco Bandai Games,0,0,0.14,0,0.14,49,7,6,32,,
QuickSpot,DS,2006,Misc,Namco Bandai Games,0.01,0,0.13,0,0.14,68,18,10,72,Namco,E10+
Quiz Mobile Gundam: Toi Senshi DX,PSP,2006,Puzzle,Namco Bandai Games,0,0,0.04,0,0.04,20,33,9,5,,
Ridge Racer 7,PS3,2006,Racing,Namco Bandai Games,0.24,0.7,0.16,0.26,1.36,78,45,7.1,52,Namco Bandai Games,E
Saint Seiya: The Hades,PS2,2006,Fighting,Namco Bandai Games,0,0,0.04,0,0.04,87,15,5,71,,
Samurai Champloo: Sidetracked,PS2,2006,Action,Namco Bandai Games,0.03,0.02,0,0.01,0.05,66,26,7.2,6,Grasshopper Manufacture,T
SD Gundam G Generation Portable,PSP,2006,Strategy,Namco Bandai Games,0,0,0.27,0,0.27,52,78,2,27,,
SD Gundam: Scad Hammers,Wii,2006,Strategy,Namco Bandai Games,0,0,0.05,0,0.05,19,29,6,57,,
Shinseiki Evangelion 2: Tsukurareshi Sekai - Another Cases,PSP,2006,Adventure,Namco Bandai Games,0,0,0.05,0,0.05,1,83,2,60,,
Shonen Jump's One Piece: Grand Adventure,GC,2006,Fighting,Namco Bandai Games,0.03,0.01,0,0,0.04,9,46,0,47,,
Snoopy vs the Red Baron,PSP,2006,Adventure,Namco Bandai Games,0.04,0,0,0,0.05,76,7,7.8,4,Smart Bomb Interactive,E10+
Style Book: Cinnamoroll,DS,2006,Misc,Namco Bandai Games,0,0,0.01,0,0.01,52,60,3,31,,
Style Book: Junior City,DS,2006,Misc,Namco Bandai Games,0,0,0.02,0,0.02,95,46,4,49,,
Taiko no Tatsujin Portable 2,PSP,2006,Misc,Namco Bandai Games,0,0,0.05,0,0.05,73,87,10,16,,
Tales of Destiny,PS2,2006,Role-Playing,Namco Bandai Games,0,0,0.52,0,0.52,12,26,5,27,,
Tales of Phantasia (PS1 & PSP Versions),PSP,2006,Role-Playing,Namco Bandai Games,0,0,0.11,0,0.11,46,59,6,62,,
Tales of the Tempest,DS,2006,Role-Playing,Namco Bandai Games,0,0,0.18,0,0.18,9,98,9,68,,
Tamagotchi Connection: Corner Shop 2,DS,2006,Simulation,Namco Bandai Games,0.09,0.01,0.86,0.01,0.97,66,9,5,54,NanaOn-Sha,E
Tamagotchi Party On!,Wii,2006,Misc,Namco Bandai Games,0.12,0,0.06,0.01,0.19,10,63,5,96,,
The Fast and the Furious,PS2,2006,Racing,Namco Bandai Games,0.03,0.02,0,0.01,0.06,59,22,6.6,24,Eutechnyx,T
The Legend of Heroes III: Song of the Ocean,PSP,2006,Role-Playing,Namco Bandai Games,0.03,0,0,0,0.03,58,17,6.1,7,Microvision,E10+
Uchuu Keiji Tamashii: The Space Sheriff Spirits,PS2,2006,Action,Namco Bandai Games,0,0,0.02,0,0.02,70,35,4,17,,
Warhammer: Battle For Atluma,PSP,2006,Action,Namco Bandai Games,0.06,0,0,0.01,0.07,55,8,7.4,8,Sabertooth Games,T
Xenosaga Episode III: Also sprach Zarathustra,PS2,2006,Role-Playing,Namco Bandai Games,0.09,0.07,0.18,0.02,0.37,81,34,9,59,Monolith Soft,T
Xenosaga IÂ·II,DS,2006,Role-Playing,Namco Bandai Games,0,0,0.02,0,0.02,96,47,10,22,,
.hack//G.U. Vol.3//Redemption,PS2,2007,Role-Playing,Namco Bandai Games,0,0,0.17,0,0.17,39,47,4,20,,
Beautiful Katamari,X360,2007,Puzzle,Namco Bandai Games,0.14,0.02,0.15,0.02,0.32,73,52,7,40,Now Production,E
Code Geass: Hangyaku no Lelouch,DS,2007,Action,Namco Bandai Games,0,0,0.03,0,0.03,46,48,9,24,,
Digimon World: Dawn / Dusk,DS,2007,Role-Playing,Namco Bandai Games,0.12,0,0.18,0.01,0.31,11,75,5,77,,
Dorabase DS: Dramatic Stadium,DS,2007,Sports,Namco Bandai Games,0,0,0.21,0,0.21,47,96,2,74,,
Dragon Ball Z: Harukanaru Densetsu,DS,2007,Role-Playing,Namco Bandai Games,0.19,0,0,0.02,0.2,57,16,6.2,10,Bec,E
Dragon Ball Z: Harukanaru Densetsu (JP sales),DS,2007,Role-Playing,Namco Bandai Games,0,0,0.15,0,0.15,32,62,6,60,,
Dragon Tamer: Sound Spirit,DS,2007,Role-Playing,Namco Bandai Games,0,0,0.03,0,0.03,68,56,0,30,,
Dynasty Warriors Gundam,X360,2007,Action,Namco Bandai Games,0.15,0.01,0.02,0.01,0.19,55,34,6.8,20,"Koei, Omega Force",T
Gintama: Banji Oku Chuubu!,Wii,2007,Action,Namco Bandai Games,0,0,0.03,0,0.03,96,17,10,83,,
Gintama: Gin-San to Issho! Boku no Kabuki Machi Nikki,PS2,2007,Action,Namco Bandai Games,0,0,0.08,0,0.08,41,35,2,65,,
Gundam Battle Chronicle,PSP,2007,Action,Namco Bandai Games,0,0,0.22,0,0.22,34,28,8,25,,
Haneru no Tobira DS: Tanshuku Tetsudou no Yoru,DS,2007,Misc,Namco Bandai Games,0,0,0.04,0,0.04,77,1,4,36,,
Haneru no Tobira Wii: Girigirissu,Wii,2007,Misc,Namco Bandai Games,0,0,0.02,0,0.02,32,6,2,92,,
InuYasha: Secret of the Divine Jewel,DS,2007,Role-Playing,Namco Bandai Games,0.09,0,0,0.01,0.09,46,13,7.6,17,Art,E10+
Kekkaishi: Karasumori Ayakashi Kidan,DS,2007,Action,Namco Bandai Games,0,0,0.17,0,0.17,12,61,7,62,,
Kekkaishi: Kokubourou no Kage,Wii,2007,Action,Namco Bandai Games,0,0,0.03,0,0.03,60,21,7,97,,
Keroro Gunsou: Enshuu da Yo! Zenin Shuugou Part 2,DS,2007,Action,Namco Bandai Games,0,0,0.05,0,0.05,60,32,6,46,,
Kotoba no Puzzle: Mojipittan DS,DS,2007,Puzzle,Namco Bandai Games,0,0,0.37,0,0.37,49,58,4,1,,
Meitantei Conan: Tantei Ryoku Trainer,DS,2007,Misc,Namco Bandai Games,0,0,0.06,0,0.06,14,8,7,78,,
Mitsukete! Keroro Gunsou: Machigai Sagashi Daisakusen de Arimasu!,DS,2007,Action,Namco Bandai Games,0,0,0.06,0,0.06,25,99,0,31,,
Mobile Suit Gundam Seed: Rengou vs. Z.A.F.T. Portable,PSP,2007,Shooter,Namco Bandai Games,0,0,0.12,0,0.12,77,46,8,21,,
Mobile Suit Gundam: MS Sensen 0079,Wii,2007,Simulation,Namco Bandai Games,0,0,0.11,0,0.11,41,96,10,5,,
Naruto Shippuden: Ultimate Ninja 5,PS2,2007,Fighting,Namco Bandai Games,0,0,0.17,0,0.17,53,23,0,68,,
Nodame Cantabile,DS,2007,Misc,Namco Bandai Games,0,0,0.1,0,0.1,15,15,5,8,,
One Piece: Gear Spirit,DS,2007,Fighting,Namco Bandai Games,0,0,0.08,0,0.08,17,87,10,23,,
One Piece: Unlimited Adventure,Wii,2007,Adventure,Namco Bandai Games,0.07,0,0.11,0.01,0.19,67,17,8.5,32,Ganbarion,T
Pro Yakyuu Famista DS,DS,2007,Sports,Namco Bandai Games,0,0,0.1,0,0.1,3,33,9,49,,
Pro Yakyuu Netsu Star 2007,PS2,2007,Sports,Namco Bandai Games,0,0,0.06,0,0.06,46,36,5,91,,
Retro Game Challenge,DS,2007,Action,Namco Bandai Games,0,0,0.11,0,0.11,77,30,7.3,15,Indies Zero,E
Retro Game Challenge (US sales),DS,2007,Action,Namco Bandai Games,0.09,0,0,0,0.09,44,18,6,48,,
SD Gundam G Generation Spirits,PS2,2007,Strategy,Namco Bandai Games,0,0,0.38,0,0.38,15,0,4,94,,
SD Gundam G Generation: Cross Drive,DS,2007,Strategy,Namco Bandai Games,0,0,0.26,0,0.26,54,48,8,50,,
Smash Court Tennis 3,PSP,2007,Sports,Namco Bandai Games,0.01,0.01,0.01,0.01,0.04,68,30,6.3,4,"Namco Bandai Games America, Namco Bandai Games",E
SoulCalibur Legends,Wii,2007,Action,Namco Bandai Games,0.16,0.01,0,0.01,0.18,52,35,5.7,24,Namco Bandai Games,T
SoulCalibur Legends (JP sales),Wii,2007,Action,Namco Bandai Games,0,0,0.01,0,0.01,33,13,10,56,,
Suzumiya Haruhi no Yakusoku,PSP,2007,Adventure,Namco Bandai Games,0,0,0.15,0,0.15,49,35,0,52,,
Taiko no Tatsujin DS: Touch de Dokodon!,DS,2007,Misc,Namco Bandai Games,0,0,0.66,0,0.66,18,66,7,28,,
Tales of Destiny 2,PSP,2007,Role-Playing,Namco Bandai Games,0,0,0.12,0,0.12,85,11,9,79,,
Tales of Fandom Vol.2,PS2,2007,Role-Playing,Namco Bandai Games,0,0,0.08,0,0.08,61,32,4,16,,
Tales of Innocence,DS,2007,Role-Playing,Namco Bandai Games,0,0,0.26,0,0.26,12,56,6,58,,
Tamagotchi no Appare! Niji Venture,DS,2007,Role-Playing,Namco Bandai Games,0,0,0.14,0,0.14,61,19,5,67,,
The Idolm@ster,X360,2007,Simulation,Namco Bandai Games,0,0,0.08,0,0.08,65,76,6,4,,
Time Crisis 4,PS3,2007,Shooter,Namco Bandai Games,0.32,0.32,0.05,0.14,0.83,60,52,7.4,21,Nex Entertainment,T
Treasure Gaust: Gaust Diver Crimson Red / Deep Purple,DS,2007,Action,Namco Bandai Games,0,0,0.03,0,0.03,58,13,5,75,,
Unou no Tatsujin: Soukai! Machigai Museum 2,DS,2007,Misc,Namco Bandai Games,0,0,0.09,0,0.09,17,29,8,3,,
Yamakawa Shuppansha Kanshuu: Shousetsu Nihonshi B,DS,2007,Misc,Namco Bandai Games,0,0,0.12,0,0.12,9,6,9,31,,
Yamakawa Shuppansha Kanshuu: Shousetsu Sekaishi B,DS,2007,Misc,Namco Bandai Games,0,0,0.08,0,0.08,86,4,8,10,,
Yes! PreCure 5,DS,2007,Action,Namco Bandai Games,0,0,0.04,0,0.04,3,98,4,63,,
99 no Namida,DS,2008,Adventure,Namco Bandai Games,0,0,0.04,0,0.04,27,41,6,50,,
Chou Gekijouban Keroro Gunsou 3: Tenkuu Daibouken de Arimasu!,DS,2008,Action,Namco Bandai Games,0,0,0.06,0,0.06,26,78,6,23,,
Code Geass: Hangyaku no Lelouch - Lost Colors,PSP,2008,Adventure,Namco Bandai Games,0,0,0.07,0,0.07,42,63,2,60,,
Code Geass: Hangyaku no Lelouch - Lost Colors,PS2,2008,Adventure,Namco Bandai Games,0,0,0.06,0,0.06,28,56,3,93,,
Code Geass: Hangyaku no Lelouch R2 - Banjou no Geass Gekijou,DS,2008,Misc,Namco Bandai Games,0,0,0.04,0,0.04,46,48,3,22,,
Custom Beat Battle: Draglade 2,DS,2008,Fighting,Namco Bandai Games,0,0,0.03,0,0.03,67,69,10,81,,
Daikaijuu Battle: Ultra Coliseum,Wii,2008,Fighting,Namco Bandai Games,0,0,0.02,0,0.02,88,26,0,71,,
Digimon World Championship,DS,2008,Role-Playing,Namco Bandai Games,0,0,0.07,0,0.07,49,6,6.5,13,Epics,E
Dr. Slump & Arale-Chan,DS,2008,Adventure,Namco Bandai Games,0,0,0.01,0,0.01,14,74,1,86,,
Dragon Ball Z: Infinite World,PS2,2008,Fighting,Namco Bandai Games,0.08,0.06,0.21,0.02,0.36,48,17,7.9,37,Dimps Corporation,T
Duel Love: Koisuru Otome wa Shouri no Megami,DS,2008,Adventure,Namco Bandai Games,0,0,0.01,0,0.01,99,32,0,20,,
Dynasty Warriors: Gundam,PS2,2008,Action,Namco Bandai Games,0,0,0.28,0,0.28,56,73,3,54,,
Dynasty Warriors: Gundam 2,X360,2008,Action,Namco Bandai Games,0.07,0.03,0.08,0.01,0.19,49,30,7,18,Omega Force,T
Dynasty Warriors: Gundam 2,PS3,2008,Action,Namco Bandai Games,0.09,0.06,0.32,0.03,0.49,54,22,7,28,Omega Force,T
Dynasty Warriors: Gundam 2,PS2,2008,Action,Namco Bandai Games,0.04,0.03,0.25,0.01,0.34,52,8,6.5,8,Omega Force,T
Emblem of Gundam,DS,2008,Strategy,Namco Bandai Games,0,0,0.06,0,0.06,91,4,0,72,,
Family Jockey,Wii,2008,Sports,Namco Bandai Games,0,0,0.01,0,0.01,51,83,6,21,,
Gegege no Kitarou: Youkai Daigekisen,DS,2008,Action,Namco Bandai Games,0,0,0.06,0,0.06,36,78,3,94,,
Gundam Battle Universe,PSP,2008,Fighting,Namco Bandai Games,0,0,0.26,0,0.26,17,20,2,27,,
Happy Dance Collection,Wii,2008,Misc,Namco Bandai Games,0,0,0.01,0,0.01,87,51,3,98,,
Kekkaishi: Kokubourou Shuurai,DS,2008,Action,Namco Bandai Games,0,0,0.03,0,0.03,29,68,0,44,,
Kidou Senshi Gundam 00,DS,2008,Action,Namco Bandai Games,0,0,0.08,0,0.08,70,33,3,50,,
Kidou Senshi Gundam: Giren no Yabou - Axis no Kyoui,PSP,2008,Strategy,Namco Bandai Games,0,0,0.16,0,0.16,90,73,3,80,,
Kinnikuman Muscle Grand Prix Max 2: Tokumori,PS2,2008,Fighting,Namco Bandai Games,0,0,0.07,0,0.07,61,51,7,24,,
Klonoa,Wii,2008,Platform,Namco Bandai Games,0.1,0.02,0.03,0.01,0.16,77,37,8.6,39,Paon Corporation,E10+
Macross Ace Frontier,PSP,2008,Simulation,Namco Bandai Games,0,0,0.16,0,0.16,70,89,5,56,,
Meccha! Taiko no Tatsujin Master DS: 7-tsu no Shima no Daibouken,DS,2008,Misc,Namco Bandai Games,0,0,0.65,0,0.65,43,75,8,53,,
Meitantei Conan: Kieta Hakase to Machigai Sagashi no Tou,DS,2008,Adventure,Namco Bandai Games,0,0,0.02,0,0.02,31,14,6,59,,
Mobile Suit Gundam 00: Gundam Meisters,PS2,2008,Action,Namco Bandai Games,0,0,0.06,0,0.06,65,3,9,33,,
Mobile Suit Gundam: Gundam vs. Gundam,PSP,2008,Fighting,Namco Bandai Games,0,0,0.42,0,0.42,80,69,4,21,,
Namco Classic Fighter Collection,PS2,2008,Fighting,Namco Bandai Games,0.08,0.06,0,0.02,0.16,94,28,7,53,Namco Bandai Games America,T
Naruto Ultimate Collection,PS2,2008,Misc,Namco Bandai Games,0.06,0.04,0,0.01,0.11,32,73,8,0,Namco Bandai Games America,T
Naruto: Ultimate Ninja Storm,PS3,2008,Fighting,Namco Bandai Games,0.49,0.34,0.09,0.15,1.07,75,32,8.6,95,CyberConnect2,T
One Piece Unlimited Cruise 1: The Treasure Beneath the Waves,Wii,2008,Adventure,Namco Bandai Games,0,0.07,0.19,0.01,0.27,93,74,10,85,,
Pac-Man Power Pack,PS2,2008,Misc,Namco Bandai Games,0.04,0.03,0,0.01,0.08,70,54,10,40,Namco Bandai Games America,E
Pro Yakyuu Family Stadium,Wii,2008,Sports,Namco Bandai Games,0,0,0.03,0,0.03,45,21,2,27,,
Soul Eater: Plot of Medusa,DS,2008,Action,Namco Bandai Games,0,0,0.05,0,0.05,84,3,4,9,,
Summon Night 2,DS,2008,Role-Playing,Namco Bandai Games,0,0,0.06,0,0.06,85,3,6,15,,
Super Robot Taisen A Portable,PSP,2008,Strategy,Namco Bandai Games,0,0,0.18,0,0.18,4,25,10,54,,
Super Robot Taisen OG Saga: Endless Frontier,DS,2008,Role-Playing,Namco Bandai Games,0.07,0,0,0.01,0.08,73,22,9,22,Monolith Soft,T
Super Robot Taisen OG Saga: Endless Frontier (JP sales),DS,2008,Role-Playing,Namco Bandai Games,0,0,0.14,0,0.14,72,4,8,9,,
Super Robot Taisen Z,PS2,2008,Strategy,Namco Bandai Games,0,0,0.5,0,0.5,50,71,7,46,,
Taiko no Tatsujin Wii,Wii,2008,Misc,Namco Bandai Games,0,0,0.67,0,0.67,24,26,5,7,,
Tales of Hearts,DS,2008,Role-Playing,Namco Bandai Games,0,0,0.24,0,0.24,55,88,4,67,,
Tales of Rebirth,PSP,2008,Role-Playing,Namco Bandai Games,0,0,0.07,0,0.07,21,81,3,75,,
Tales of Symphonia: Dawn of the New World,Wii,2008,Role-Playing,Namco Bandai Games,0.21,0.04,0.24,0.02,0.52,68,46,7.1,93,Bandai Namco Games,T
Tamagotchi no KiraKira Omisecchi,DS,2008,Misc,Namco Bandai Games,0,0,0.22,0,0.22,33,81,0,69,,
The Idolm@ster: Live for You!,X360,2008,Misc,Namco Bandai Games,0,0,0.07,0,0.07,19,37,2,15,,
The Sky Crawlers: Innocent Aces,Wii,2008,Simulation,Namco Bandai Games,0.08,0.02,0.01,0.01,0.12,74,42,7.9,13,Access Games,T
Tottadoo! Yoiko no Mujintou Seikatsu,DS,2008,Adventure,Namco Bandai Games,0,0,0.19,0,0.19,76,19,8,59,,
We Ski,Wii,2008,Sports,Namco Bandai Games,0.97,0.4,0.14,0.15,1.67,67,32,8.5,12,Bandai Namco Games,E
Yes! Precure 5 Go Go Zenin Shu Go! Dream Festival,DS,2008,Action,Namco Bandai Games,0,0,0.02,0,0.02,25,50,10,4,,
Active Life: Extreme Challenge,Wii,2009,Sports,Namco Bandai Games,0.14,0.27,0,0.06,0.47,56,13,3,77,TOSE,E
Battle Spirits: Kiseki no Hasha,PSP,2009,Role-Playing,Namco Bandai Games,0,0,0.02,0,0.02,72,93,6,74,,
Blue Dragon: Awakened Shadow,DS,2009,Role-Playing,Namco Bandai Games,0.06,0,0.03,0,0.1,63,27,6.6,10,Tri-Crescendo,E10+
Brain Exercise With Dr. Kawashima,PC,2009,Puzzle,Namco Bandai Games,0,0.01,0,0,0.01,79,72,9,79,,
Chibi Maruko-Chan DS: Maru-Chan no Machi,DS,2009,Puzzle,Namco Bandai Games,0,0,0.04,0,0.04,58,32,6,35,,
Chou Gekijoban Keroro Gunsou: Gekishin Dragon Warriors de Arimasu!,DS,2009,Action,Namco Bandai Games,0,0,0.04,0,0.04,13,0,2,48,,
Creeper World 3: Arc Eternal,Wii,2009,Strategy,Namco Bandai Games,0,0,0.1,0,0.1,16,74,9,46,,
Demon's Souls,PS3,2009,Role-Playing,Namco Bandai Games,0.97,0.33,0.35,0.17,1.82,89,81,8.9,1441,From Software,M
Destiny Links,DS,2009,Role-Playing,Namco Bandai Games,0,0,0.01,0,0.01,15,33,9,47,,
Dorabase 2: Nettou Ultra Stadium,DS,2009,Sports,Namco Bandai Games,0,0,0.12,0,0.12,95,65,5,7,,
Dragon Ball Z: Attack of the Saiyans,DS,2009,Role-Playing,Namco Bandai Games,0.12,0.02,0.21,0.01,0.36,73,21,7.9,24,Monolith Soft,E10+
Dragon Ball: Evolution,PSP,2009,Fighting,Namco Bandai Games,0.09,0,0,0.01,0.1,28,16,0.9,50,Dimps Corporation,T
Dragon Ball: Raging Blast,X360,2009,Fighting,Namco Bandai Games,0.36,0.08,0.02,0.04,0.51,56,29,7.5,33,Spike,T
Dragon Ball: Raging Blast,PS3,2009,Fighting,Namco Bandai Games,0.37,0.19,0.11,0.1,0.77,57,26,7.2,58,Spike,T
Dragon Ball: Revenge of King Piccolo,Wii,2009,Action,Namco Bandai Games,0.12,0.03,0.03,0.02,0.2,65,25,7.3,15,Media Vision,E10+
Element Hunter,DS,2009,Role-Playing,Namco Bandai Games,0,0,0.01,0,0.01,81,54,1,10,,
Evangelion: Jo,PSP,2009,Action,Namco Bandai Games,0,0,0.06,0,0.06,74,83,5,33,,
Evangelion: Jo,PS2,2009,Action,Namco Bandai Games,0,0,0.03,0,0.03,67,17,2,90,,
Food Network: Cook or Be Cooked,Wii,2009,Misc,Namco Bandai Games,0.41,0,0,0.03,0.44,53,8,6.8,5,Red Fly Studio,E
Fresh PreCure! Asobi Collection,DS,2009,Action,Namco Bandai Games,0,0,0.09,0,0.09,1,74,9,61,,
Game Center CX: Arino no Chousenjou 2,DS,2009,Action,Namco Bandai Games,0,0,0.07,0,0.07,79,3,1,72,,
Hirameki Action: Chibikko Wagyan no Daiki na Bouken,DS,2009,Action,Namco Bandai Games,0,0,0.01,0,0.01,59,82,8,46,,
Kaijuu Busters,DS,2009,Action,Namco Bandai Games,0,0,0.12,0,0.12,68,89,0,84,,
Kamen Rider: Climax Heroes,PS2,2009,Fighting,Namco Bandai Games,0,0,0.11,0,0.11,97,16,7,30,,
Katamari Forever,PS3,2009,Puzzle,Namco Bandai Games,0.26,0.04,0.06,0.04,0.4,74,51,8.1,50,Bandai Namco Games,E
Kidou Senshi Gundam: Giren no Yabou - Axis no Kyoui V,PSP,2009,Strategy,Namco Bandai Games,0,0,0.07,0,0.07,89,36,1,20,,
Kidou Senshi Gundam: Giren no Yabou - Axis no Kyoui V,PS2,2009,Strategy,Namco Bandai Games,0,0,0.07,0,0.07,38,14,6,69,,
Kidou Senshi Gundam: Senjou no Kizuna Portable,PSP,2009,Strategy,Namco Bandai Games,0,0,0.18,0,0.18,1,82,5,67,,
Macross Ultimate Frontier,PSP,2009,Action,Namco Bandai Games,0,0,0.17,0,0.17,89,48,4,14,,
Meitantei Conan & Kindaichi Shounen no Jikenbou: Meguri au Futari no Meitantei,DS,2009,Adventure,Namco Bandai Games,0,0,0.08,0,0.08,57,20,6,88,,
Mobile Suit Gundam Battlefield Record U.C.0081,PS3,2009,Action,Namco Bandai Games,0,0,0.24,0,0.24,81,93,2,23,,
Mobile Suit Gundam: Gundam vs. Gundam NEXT PLUS,PSP,2009,Fighting,Namco Bandai Games,0,0,0.41,0,0.41,17,56,7,36,,
Naruto Shippuden: Legends: Akatsuki Rising,PSP,2009,Fighting,Namco Bandai Games,0.14,0,0,0.01,0.15,60,15,6.2,10,Racjin,T
Naruto Shippuden: Ultimate Ninja Heroes 3,PSP,2009,Fighting,Namco Bandai Games,0.13,0.04,0.19,0.03,0.38,61,22,6.6,19,CyberConnect2,T
One Piece Unlimited Cruise 2: Awakening of a Hero,Wii,2009,Action,Namco Bandai Games,0,0.1,0.17,0.02,0.29,67,58,8,32,,
Pro Yakyuu Famista DS 2009,DS,2009,Sports,Namco Bandai Games,0,0,0.1,0,0.1,78,93,10,7,,
Queen's Blade: Spiral Chaos,PSP,2009,Role-Playing,Namco Bandai Games,0,0,0.11,0,0.11,4,29,2,82,,
S.T.A.L.K.E.R.: Call of Pripyat,PC,2009,Shooter,Namco Bandai Games,0,0.05,0,0.01,0.06,80,44,8.7,602,GSC Game World,M
SD Gundam G Generation Wars,Wii,2009,Strategy,Namco Bandai Games,0,0,0.06,0,0.06,23,14,4,17,,
SD Gundam G Generation Wars,PS2,2009,Strategy,Namco Bandai Games,0,0,0.31,0,0.31,81,14,9,87,,
Soul Eater: Battle Resonance,PSP,2009,Action,Namco Bandai Games,0,0,0.03,0,0.03,98,22,2,1,,
SoulCalibur: Broken Destiny,PSP,2009,Fighting,Namco Bandai Games,0.12,0.2,0.07,0.12,0.51,80,52,6.2,45,Bandai Namco Games,T
Stoked: Big Air Edition,X360,2009,Sports,Namco Bandai Games,0.02,0.02,0,0,0.04,72,21,7.7,16,Bongfish,T
Summon Night X: Tears Crown,DS,2009,Role-Playing,Namco Bandai Games,0,0,0.05,0,0.05,46,95,8,47,,
Super Robot Gakuen,DS,2009,Adventure,Namco Bandai Games,0,0,0.04,0,0.04,50,80,6,66,,
Super Robot Taisen K,DS,2009,Strategy,Namco Bandai Games,0,0,0.21,0,0.21,29,34,9,42,,
Super Robot Taisen Neo,Wii,2009,Strategy,Namco Bandai Games,0,0,0.05,0,0.05,46,6,10,32,,
Super Robot Taisen Z Special Disc,PS2,2009,Misc,Namco Bandai Games,0,0,0.08,0,0.08,51,84,1,78,,
Taiko no Tatsujin Wii: Dodon to 2 Yome!,Wii,2009,Misc,Namco Bandai Games,0,0,0.4,0,0.4,81,90,6,88,,
Tales of Graces,Wii,2009,Role-Playing,Namco Bandai Games,0,0,0.22,0,0.22,33,68,0,1,,
Tales of the World: Radiant Mythology 2,PSP,2009,Role-Playing,Namco Bandai Games,0,0,0.33,0,0.33,12,75,10,32,,
Tales of Vesperia,PS3,2009,Role-Playing,Namco Bandai Games,0,0,0.45,0,0.45,89,40,3,95,Bandai Namco Games,
Tales of VS.,PSP,2009,Fighting,Namco Bandai Games,0,0,0.23,0,0.23,2,27,3,85,,
Tamagotchi no Narikiri Channel,DS,2009,Role-Playing,Namco Bandai Games,0,0,0.15,0,0.15,100,61,4,73,,
Tekken 6,X360,2009,Fighting,Namco Bandai Games,0.71,0.41,0.05,0.12,1.3,80,59,7,132,"Namco Bandai Games America, Namco Bandai Games",T
Tekken 6,PSP,2009,Fighting,Namco Bandai Games,0.15,0.03,0.1,0.03,0.32,82,39,8.2,68,"Namco Bandai Games America, Namco Bandai Games",T
Tekken 6,PS3,2009,Fighting,Namco Bandai Games,1.2,0.97,0.17,0.42,2.75,79,63,7.4,211,Namco Bandai Games,T
The Idolm@ster SP: Wandering Star / Perfect Sun / Missing Moon,PSP,2009,Adventure,Namco Bandai Games,0,0,0.23,0,0.23,92,88,9,49,,
The Idolm@ster: Dearly Stars,DS,2009,Adventure,Namco Bandai Games,0,0,0.05,0,0.05,30,92,5,34,,
The Munchables,Wii,2009,Action,Namco Bandai Games,0.17,0,0,0.01,0.18,71,33,8.2,5,Now Production,E
ToraDora Portable!,PSP,2009,Adventure,Namco Bandai Games,0,0,0.08,0,0.08,78,18,9,78,,
We Cheer 2,Wii,2009,Simulation,Namco Bandai Games,0.24,0,0,0.02,0.26,64,7,2,16,"Machatin, Inc.",E10+
.hack//Link,PSP,2010,Role-Playing,Namco Bandai Games,0,0,0.14,0,0.14,39,11,9,74,,
A.C.E.: Another Century's Episode R,PS3,2010,Simulation,Namco Bandai Games,0,0,0.26,0,0.26,52,31,5,90,,
Ace Combat: Joint Assault,PSP,2010,Simulation,Namco Bandai Games,0.06,0.05,0.15,0.03,0.29,71,30,7.2,12,Project Aces,T
Active Life Explorer,Wii,2010,Sports,Namco Bandai Games,0.13,0,0,0.01,0.14,39,77,6,23,h.a.n.d. Inc.,E
AKB1/48: Idol to Koishitara...,PSP,2010,Misc,Namco Bandai Games,0,0,0.41,0,0.41,36,51,8,82,,
Battle Spirits: Digital Starter,DS,2010,Role-Playing,Namco Bandai Games,0,0,0.04,0,0.04,65,56,8,14,,
Battle Spirits: Hero's Soul,PSP,2010,Role-Playing,Namco Bandai Games,0,0,0.02,0,0.02,55,89,9,24,,
Body and Brain Connection,X360,2010,Misc,Namco Bandai Games,0.1,0.08,0,0.02,0.2,57,33,4.8,4,Namco Bandai Games,E
Clash of the Titans,X360,2010,Action,Namco Bandai Games,0.08,0.06,0,0.02,0.16,42,31,4.1,17,Game Republic,T
Clash of the Titans,PS3,2010,Action,Namco Bandai Games,0.09,0.15,0.01,0.05,0.31,41,28,1.7,17,Game Republic,T
Crayon Shin-Chan Shokkugan! Densetsu o Yobu Omake Daiketsusen!!,DS,2010,Action,Namco Bandai Games,0,0,0.09,0,0.09,53,57,9,86,,
Crayon Shin-Chan: Obaka Daininden - Susume! Kasukabe Ninja Tai!,DS,2010,Action,Namco Bandai Games,0,0,0.07,0,0.07,90,11,6,6,,
Daikaijuu Battle: Ultra Coliseum DX - Ultra Senshi Daishuuketsu,Wii,2010,Fighting,Namco Bandai Games,0,0,0.04,0,0.04,52,82,6,69,,
Dead to Rights: Retribution,X360,2010,Shooter,Namco Bandai Games,0.11,0.08,0,0.02,0.21,61,64,7,34,Volatile Games,M
Dead to Rights: Retribution,PS3,2010,Shooter,Namco Bandai Games,0.1,0.12,0.02,0.05,0.28,60,44,5.9,27,Volatile Games,M
Digimon Story: Lost Evolution,DS,2010,Role-Playing,Namco Bandai Games,0,0,0.1,0,0.1,66,73,9,33,,
Do-Konjou Shougakussei: Bon Bita - Hadaka no Choujou Ketsusen!! Bita vs. Dokuro Dei!,DS,2010,Action,Namco Bandai Games,0,0,0.04,0,0.04,84,6,4,33,,
Dragon Ball Z: Tenkaichi Tag Team,PSP,2010,Fighting,Namco Bandai Games,0.11,0.03,0.09,0.03,0.26,63,22,8.6,20,Spike,T
Dragon Ball: Origins 2,DS,2010,Action,Namco Bandai Games,0.05,0.01,0.08,0.01,0.16,70,22,6,87,Game Republic,T
Dragon Ball: Raging Blast 2,X360,2010,Fighting,Namco Bandai Games,0.49,0.09,0.01,0.05,0.64,57,33,7.4,30,Spike,T
Dragon Ball: Raging Blast 2,PS3,2010,Fighting,Namco Bandai Games,0.42,0.18,0.11,0.09,0.81,60,27,7.5,63,Spike,T
Enslaved: Odyssey to the West,X360,2010,Action,Namco Bandai Games,0.3,0.19,0,0.05,0.54,82,72,7.8,295,Ninja Theory,T
Enslaved: Odyssey to the West,PS3,2010,Action,Namco Bandai Games,0.24,0.22,0.01,0.09,0.55,80,53,7.4,312,Ninja Theory,T
ExerBeat,Wii,2010,Sports,Namco Bandai Games,0.1,0.16,0,0.03,0.29,60,9,7.6,5,Namco Bandai Games,E
Family Trainer: Treasure Adventure,Wii,2010,Sports,Namco Bandai Games,0,0.05,0,0.01,0.06,25,59,9,95,Namco Bandai Games,
Gekijouban Macross F: Itsuwarino Utahime - Hybrid Pack,PS3,2010,Action,Namco Bandai Games,0,0,0.21,0,0.21,65,22,7,2,,
Gods Eater Burst,PSP,2010,Action,Namco Bandai Games,0.03,0,0.62,0,0.66,71,30,7.9,35,"Shift, Bandai Namco Games",T
Gundam Assault Survive,PSP,2010,Action,Namco Bandai Games,0,0,0.17,0,0.17,39,69,0,24,,
Hagane no Renkinjutsushi - Fullmetal Alchemist: Yakusoku no Hi e,PSP,2010,Action,Namco Bandai Games,0,0,0.06,0,0.06,69,59,0,75,,
Heart Catch PreCure! Oshare Collection,DS,2010,Action,Namco Bandai Games,0,0,0.11,0,0.11,12,53,6,42,,
Hello Kitty Seasons,Wii,2010,Adventure,Namco Bandai Games,0.15,0.06,0,0.02,0.23,12,1,9,58,Sanrio Digital,E
Hello Kitty: Birthday Adventures,DS,2010,Adventure,Namco Bandai Games,0.06,0.1,0,0.02,0.18,20,6,3,93,OneNine Studios,E
Kaidan Restaurant: Ura Menu 100-Sen,DS,2010,Misc,Namco Bandai Games,0,0,0.08,0,0.08,12,38,0,41,,
Kamen Rider Battle: Ganbaride,DS,2010,Strategy,Namco Bandai Games,0,0,0.14,0,0.14,27,17,9,13,,
Keroro RPG: Kishi to Musha to Densetsu no Kaizoku,DS,2010,Role-Playing,Namco Bandai Games,0,0,0.07,0,0.07,0,33,6,8,,
Kochira Katsushikaku Kameari Kouenmae Hashutsujo: Machiteba Tengoku! Makereba Jigoku! Ryoutsuryuu Ikkakusenkin Daisakusen!,DS,2010,Misc,Namco Bandai Games,0,0,0.02,0,0.02,100,3,3,19,,
Lupin Sansei: Shijou Saidai no Zunousen,DS,2010,Adventure,Namco Bandai Games,0,0,0.07,0,0.07,16,3,5,86,,
Mahou Shoujo Lyrical Nanoha A's Portable: The Battle of Aces,PSP,2010,Shooter,Namco Bandai Games,0,0,0.12,0,0.12,94,35,3,80,,
Majin and the Forsaken Kingdom,X360,2010,Adventure,Namco Bandai Games,0.14,0.03,0,0.01,0.19,74,46,8.1,24,Game Republic,T
Majin and the Forsaken Kingdom,PS3,2010,Adventure,Namco Bandai Games,0.09,0.13,0.01,0.05,0.29,72,49,7.9,35,Game Republic,T
Making History: The Great War,Wii,2010,Strategy,Namco Bandai Games,0,0,0.15,0,0.15,51,53,7,64,,
Making History: The Great War,PSP,2010,Strategy,Namco Bandai Games,0,0,0.12,0,0.12,3,5,2,32,,
Minna to Kimi no Piramekino!,DS,2010,Misc,Namco Bandai Games,0,0,0.05,0,0.05,31,99,0,100,,
Mugen no Frontier: Super Robot Taisen OG Saga EXCEED,DS,2010,Role-Playing,Namco Bandai Games,0,0,0.12,0,0.12,8,61,4,87,,
Namco Museum Megamix,Wii,2010,Misc,Namco Bandai Games,0.17,0,0,0.01,0.19,53,12,7,19,Namco Bandai Games,E
Naruto Shippuden: Kizuna Drive,PSP,2010,Action,Namco Bandai Games,0.04,0.02,0.05,0.01,0.13,57,22,5,6,Premium Agency,T
Naruto Shippuden: Ultimate Ninja Storm 2,X360,2010,Fighting,Namco Bandai Games,0.43,0.27,0.01,0.07,0.78,74,31,8.5,39,CyberConnect2,T
Naruto Shippuden: Ultimate Ninja Storm 2,PS3,2010,Fighting,Namco Bandai Games,0.42,0.46,0.15,0.18,1.21,76,34,8.3,130,CyberConnect2,T
Nodame Cantabile: Tanoshii Ongaku no Jikan Desu,DS,2010,Misc,Namco Bandai Games,0,0,0.02,0,0.02,11,91,1,90,,
Odoru Daisousasen The Game: Sensuikan ni Sennyuu Seyo!,DS,2010,Adventure,Namco Bandai Games,0,0,0.05,0,0.05,7,54,9,42,,
One Piece: Gigant Battle!,DS,2010,Fighting,Namco Bandai Games,0,0,0.36,0,0.36,73,90,7,78,,
Pac-Man Party,Wii,2010,Misc,Namco Bandai Games,0.47,0.08,0.01,0.04,0.61,59,14,5.9,8,TOSE,E10+
Pro Yakyuu Famista DS 2010,DS,2010,Sports,Namco Bandai Games,0,0,0.08,0,0.08,82,7,8,33,,
Quiz! Hexagon II,DS,2010,Misc,Namco Bandai Games,0,0,0.06,0,0.06,39,49,3,0,,
Schlag den Raab,Wii,2010,Misc,Namco Bandai Games,0,0.16,0,0.02,0.19,28,3,3,98,,
Schlag den Raab,PC,2010,Misc,Namco Bandai Games,0,0.02,0,0,0.03,49,29,10,37,,
SD Gundam Sangokuden Brave Battle Warriors: Shin Mirisha Taisen,DS,2010,Action,Namco Bandai Games,0,0,0.02,0,0.02,27,25,3,28,,
SD Gundam: Gashapon Wars,Wii,2010,Strategy,Namco Bandai Games,0,0,0.03,0,0.03,83,34,0,38,,
Splatterhouse,X360,2010,Action,Namco Bandai Games,0.14,0.03,0,0.01,0.18,62,51,7.6,60,"Namco Bandai Games America, Namco Bandai Games",M
Summon Night Granthese: Horobi no Ken to Yakusoku no Kishi,PS2,2010,Role-Playing,Namco Bandai Games,0,0,0.02,0,0.02,77,72,4,54,,
Super Robot Taisen L,DS,2010,Strategy,Namco Bandai Games,0,0,0.17,0,0.17,37,95,0,35,,
Super Robot Wars OG Saga: Masou Kishin - The Lord of Elemental,DS,2010,Strategy,Namco Bandai Games,0,0,0.12,0,0.12,41,55,6,77,,
Taiko no Tatsujin DS: Dororon! Youkai Daikessen!!,DS,2010,Misc,Namco Bandai Games,0,0,0.42,0,0.42,66,32,7,94,,
Taiko no Tatsujin Wii: Minna de Party * 3-Yome!,Wii,2010,Misc,Namco Bandai Games,0,0,0.3,0,0.3,77,84,5,12,,
Tales of Graces f,PS3,2010,Role-Playing,Namco Bandai Games,0.28,0.18,0.45,0.07,0.98,77,55,8.2,336,Namco Bandai Games,T
Tales of Phantasia: Narikiri Dungeon X,PSP,2010,Role-Playing,Namco Bandai Games,0,0,0.21,0,0.21,63,26,0,33,,
Tamagotchi no Narikiri Challenge,DS,2010,Action,Namco Bandai Games,0,0,0.17,0,0.17,49,31,8,59,,
Tamagotchi no Pichi Pichi Omisecchi,DS,2010,Action,Namco Bandai Games,0,0,0.13,0,0.13,5,44,8,39,,
Time Crisis: Razing Storm,PS3,2010,Shooter,Namco Bandai Games,0.18,0.2,0.07,0.08,0.54,58,49,5.9,15,Nex Entertainment,T
Winx Club: Rockstars,DS,2010,Adventure,Namco Bandai Games,0,0.02,0,0,0.02,55,1,5,47,Rainbow S.p.A.,E
A.C.E.: Another Century's Episode Portable,PSP,2011,Simulation,Namco Bandai Games,0,0,0.12,0,0.12,72,60,7,97,,
Ace Combat: Assault Horizon,X360,2011,Action,Namco Bandai Games,0.3,0.12,0.03,0.04,0.49,78,71,6.2,82,Project Aces,T
Ace Combat: Assault Horizon,PS3,2011,Action,Namco Bandai Games,0.3,0.15,0.22,0.07,0.74,77,28,6.7,82,Project Aces,T
Ace Combat: Assault Horizon Legacy,3DS,2011,Simulation,Namco Bandai Games,0.1,0.06,0.08,0.01,0.24,71,37,7.8,26,Project Aces,T
Active Life: Magical Carnival,Wii,2011,Misc,Namco Bandai Games,0.03,0.01,0,0,0.04,9,4,8,21,Bandai Namco Games,E
AKB1/48: Idol to Guam de Koishitara...,PSP,2011,Misc,Namco Bandai Games,0,0,0.4,0,0.4,62,82,8,83,,
All Kamen Rider: Rider Generation,DS,2011,Action,Namco Bandai Games,0,0,0.12,0,0.12,48,80,4,5,,
Crayon Shin-Chan: Uchuu de Achoo!? Yuujou no Oba-Karate!!,3DS,2011,Action,Namco Bandai Games,0,0,0.02,0,0.02,93,98,3,31,,
Dark Souls,X360,2011,Role-Playing,Namco Bandai Games,0.64,0.27,0,0.09,0.99,89,66,8.4,1106,From Software,M
Dark Souls,PS3,2011,Role-Playing,Namco Bandai Games,0.75,0.51,0.54,0.22,2.02,89,54,8.7,1397,From Software,M
Digimon Story: Super Xros Wars Blue/Red,DS,2011,Role-Playing,Namco Bandai Games,0,0,0.1,0,0.1,57,45,6,79,,
Dragon Ball Kai: Ultimate Butouden,DS,2011,Fighting,Namco Bandai Games,0,0,0.09,0,0.09,74,0,4,81,,
Dragon Ball Z: Ultimate Tenkaichi,X360,2011,Fighting,Namco Bandai Games,0.39,0.1,0.01,0.04,0.54,55,24,5.8,52,Spike,T
Dragon Ball Z: Ultimate Tenkaichi,PS3,2011,Fighting,Namco Bandai Games,0.27,0.18,0.09,0.07,0.61,58,26,5.4,77,Spike,T
DualPenSports,3DS,2011,Sports,Namco Bandai Games,0.05,0.05,0,0.01,0.11,58,11,7,82,Indies Zero,E10+
Fishing Resort,Wii,2011,Sports,Namco Bandai Games,0.14,0,0.25,0.01,0.39,69,9,7,8,Prope,E
Gekijouban Macross F: Sayonara no Tsubasa - Hybrid Pack,PS3,2011,Action,Namco Bandai Games,0,0,0.22,0,0.22,79,83,6,5,,
Go Vacation,Wii,2011,Misc,Namco Bandai Games,0.42,0.65,0.33,0.14,1.53,64,28,7.8,13,Namco Bandai Games,E10+
Gundam Memories: Tatakai no Kioku,PSP,2011,Action,Namco Bandai Games,0,0,0.12,0,0.12,36,1,6,58,,
Gundam the 3D Battle,3DS,2011,Action,Namco Bandai Games,0,0,0.08,0,0.08,19,28,1,96,Namco Bandai Games,
Kaidan Restaurant: Zoku! Shin Menu 100-Sen,DS,2011,Misc,Namco Bandai Games,0,0,0.03,0,0.03,33,91,2,28,,
Kaijuu Busters Powered,DS,2011,Action,Namco Bandai Games,0,0,0.08,0,0.08,4,61,8,33,,
Kaizoku Sentai Gokaiger: Atsumete Henshin! 35 Sentai!,DS,2011,Action,Namco Bandai Games,0,0,0.03,0,0.03,33,3,5,18,,
Kidou Senshi Gundam: Extreme VS,PS3,2011,Fighting,Namco Bandai Games,0,0,0.54,0,0.54,93,82,4,82,,
Kidou Senshi Gundam: Shin Gihren no Yabou,PSP,2011,Strategy,Namco Bandai Games,0,0,0.14,0,0.14,0,50,0,80,,
Knights Contract,X360,2011,Action,Namco Bandai Games,0.05,0.03,0,0.01,0.08,49,41,5.6,16,Game Republic,M
Knights Contract,PS3,2011,Action,Namco Bandai Games,0.04,0.03,0,0.01,0.08,51,37,6,8,Game Republic,M
Kokoro no Kokoron,DS,2011,Misc,Namco Bandai Games,0,0,0.03,0,0.03,7,67,8,80,,
Macross Triangle Frontier,PSP,2011,Action,Namco Bandai Games,0,0,0.12,0,0.12,14,38,7,6,,
Mahou Shoujo Lyrical Nanoha A's Portable: The Gears of Destiny,PSP,2011,Fighting,Namco Bandai Games,0,0,0.12,0,0.12,20,49,5,17,,
McDROID,Wii,2011,Strategy,Namco Bandai Games,0,0,0.12,0,0.12,30,46,8,39,,
McDROID,PSP,2011,Strategy,Namco Bandai Games,0,0,0.05,0,0.05,25,53,6,80,,
Meitantei Conan: Aoki Houseki no Rinbukyoku,DS,2011,Adventure,Namco Bandai Games,0,0,0.06,0,0.06,50,13,8,59,,
Naruto Shippuden: Ultimate Ninja Impact,PSP,2011,Fighting,Namco Bandai Games,0.09,0.07,0.15,0.04,0.34,59,16,7.2,26,Racjin,T
Ni no Kuni: Wrath of the White Witch,PS3,2011,Role-Playing,Namco Bandai Games,0.6,0.47,0.21,0.23,1.51,85,89,8.6,984,Level 5,E10+
One Piece Unlimited Cruise SP,3DS,2011,Action,Namco Bandai Games,0,0,0.3,0,0.3,46,20,7.3,14,Bandai Namco Games,
One Piece: Gigant Battle 2 Shin Sekai,DS,2011,Fighting,Namco Bandai Games,0,0,0.35,0,0.35,8,71,9,90,,
Ore-Sama Kingdom: Koi no Manga mo Debut o Mokushise! Doki Doki Love Lesson,DS,2011,Action,Namco Bandai Games,0,0,0.05,0,0.05,76,90,8,53,,
Pac-Man & Galaga Dimensions,3DS,2011,Misc,Namco Bandai Games,0.1,0.04,0.04,0.01,0.19,74,34,2,32,,
Pac-Man All-Stars,PS3,2011,Fighting,Namco Bandai Games,0.2,0.07,0.04,0.04,0.35,67,77,1,25,,
Pac-Man Party 3D,3DS,2011,Misc,Namco Bandai Games,0.09,0.04,0,0.01,0.15,43,11,5.4,11,Namco Bandai Games,E
Power Rangers Samurai,Wii,2011,Action,Namco Bandai Games,0.27,0.02,0,0.02,0.32,45,4,9,72,Inti Creates,E10+
Power Rangers Samurai,DS,2011,Action,Namco Bandai Games,0.26,0.04,0,0.02,0.32,65,57,8,37,Inti Creates,E10+
Pro Yakyuu Famista 2011,3DS,2011,Sports,Namco Bandai Games,0,0,0.06,0,0.06,34,36,7,34,,
Queen's Gate: Spiral Chaos,PSP,2011,Role-Playing,Namco Bandai Games,0,0,0.14,0,0.14,46,74,8,66,,
Ridge Racer,PSV,2011,Racing,Namco Bandai Games,0.03,0.07,0.05,0.02,0.17,44,39,3.7,59,"Namco Bandai Games, Cellius",E10+
Ridge Racer 3D,3DS,2011,Racing,Namco Bandai Games,0.19,0.15,0.12,0.03,0.49,75,59,7.2,56,Namco Bandai Games,E
Rurouni Kenshin: Meiji Kenkaku Romantan Saisen,PSP,2011,Fighting,Namco Bandai Games,0,0,0.06,0,0.06,21,9,3,76,,
Saint Seiya: Sanctuary Battle,PS3,2011,Action,Namco Bandai Games,0,0.09,0.11,0.02,0.23,62,14,7.3,34,Dimps Corporation,
SD Gundam G Generation 3D,3DS,2011,Role-Playing,Namco Bandai Games,0,0,0.16,0,0.16,45,83,5,98,,
SD Gundam G Generation World,Wii,2011,Strategy,Namco Bandai Games,0,0,0.05,0,0.05,30,87,7,80,,
SD Gundam G Generation World,PSP,2011,Strategy,Namco Bandai Games,0,0,0.34,0,0.34,100,39,3,100,,
Star Driver: Kagayaki no Takuto - Ginga Bishounen Densetsu,PSP,2011,Adventure,Namco Bandai Games,0,0,0.05,0,0.05,47,49,10,2,,
Suite PreCure: Melody Collection,DS,2011,Misc,Namco Bandai Games,0,0,0.13,0,0.13,100,48,5,11,,
Super Sentai Battle: Ranger Cross,Wii,2011,Action,Namco Bandai Games,0,0,0.08,0,0.08,79,39,10,4,,
Suzumiya Haruhi no Tsuisou,PSP,2011,Adventure,Namco Bandai Games,0,0,0.04,0,0.04,13,94,2,47,,
Suzumiya Haruhi no Tsuisou,PS3,2011,Adventure,Namco Bandai Games,0,0,0.03,0,0.03,12,33,7,19,,
Taiko no Tatsujin Portable DX,PSP,2011,Misc,Namco Bandai Games,0,0,0.38,0,0.38,77,10,3,99,,
Taiko no Tatsujin Wii: Ketteiban,Wii,2011,Misc,Namco Bandai Games,0,0,0.39,0,0.39,55,25,8,8,,
Tales of the Abyss,3DS,2011,Role-Playing,Namco Bandai Games,0.43,0.19,0.14,0.06,0.83,75,33,7.6,197,Bandai Namco Games,T
Tales of the World: Radiant Mythology 3,PSP,2011,Role-Playing,Namco Bandai Games,0,0,0.28,0,0.28,2,77,2,33,,
Tales of Xillia,PS3,2011,Role-Playing,Namco Bandai Games,0.29,0.18,0.67,0.09,1.22,78,65,8.2,468,Bandai Namco Games,T
Tamagotchi Collection,DS,2011,Misc,Namco Bandai Games,0,0,0.15,0,0.15,15,36,2,50,,
The Idolm@ster 2,PS3,2011,Misc,Namco Bandai Games,0,0,0.16,0,0.16,74,41,5,30,,
The Idolmaster 2,X360,2011,Simulation,Namco Bandai Games,0,0,0.05,0,0.05,80,65,9,17,,
The Idolmaster: Gravure For You! Vol. 2,PS3,2011,Misc,Namco Bandai Games,0,0,0.05,0,0.05,45,13,7,2,,
The Idolmaster: Gravure For You! Vol. 3,PS3,2011,Misc,Namco Bandai Games,0,0,0.08,0,0.08,99,64,7,95,,
The Witcher 2: Assassins of Kings,PC,2011,Action,Namco Bandai Games,0.25,0.56,0,0.14,0.96,88,76,8.5,4378,CD Projekt Red Studio,M
Tobidase! Kagaku-kun Chikyuu Daitanken! Nazo no Chinkai Seibutsu ni Idome!,DS,2011,Misc,Namco Bandai Games,0,0,0.01,0,0.01,34,100,0,9,,
Toriko: Gourmet Survival!,PSP,2011,Role-Playing,Namco Bandai Games,0,0,0.36,0,0.36,66,78,4,66,,
Touch My Katamari ,PSV,2011,Puzzle,Namco Bandai Games,0.07,0.03,0,0.02,0.12,69,41,7.4,51,Bandai Namco Games,E10+
Treasure Report: Kikai Jikake no Isan,DS,2011,Adventure,Namco Bandai Games,0,0,0.05,0,0.05,59,17,10,94,,
Usavichi: Game no Jikan,DS,2011,Action,Namco Bandai Games,0,0,0.02,0,0.02,12,4,9,66,,
Venus & Braves: Majo to Megami to Horobi no Yogen,PSP,2011,Role-Playing,Namco Bandai Games,0,0,0.05,0,0.05,78,57,7,29,,
Weiss Schwarz Portable,PSP,2011,Strategy,Namco Bandai Games,0,0,0.1,0,0.1,19,15,5,83,,
Yuugen Gaisha Brave Company,3DS,2011,Strategy,Namco Bandai Games,0,0,0.06,0,0.06,93,84,3,28,,
 Tales of Xillia 2,PS3,2012,Role-Playing,Namco Bandai Games,0.2,0.12,0.45,0.07,0.84,71,59,7.9,216,Bandai Namco Games,T
.hack: Sekai no Mukou ni + Versus,PS3,2012,Action,Namco Bandai Games,0,0,0.03,0,0.03,89,82,0,52,,
Accel World: Ginyoku no Kakusei,PSP,2012,Adventure,Namco Bandai Games,0,0,0.03,0,0.03,53,69,4,13,,
Accel World: Ginyoku no Kakusei,PS3,2012,Adventure,Namco Bandai Games,0,0,0.03,0,0.03,26,65,0,71,,
Aikatsu! Cinderella Lesson,3DS,2012,Role-Playing,Namco Bandai Games,0,0,0.2,0,0.2,12,92,4,76,,
AKB1/149: Love Election,PSV,2012,Adventure,Namco Bandai Games,0,0,0.07,0,0.07,36,4,3,13,,
AKB1/149: Love Election,PSP,2012,Adventure,Namco Bandai Games,0,0,0.23,0,0.23,36,26,2,34,,
All Kamen Rider: Rider Generation 2,PSP,2012,Action,Namco Bandai Games,0,0,0.06,0,0.06,5,96,5,93,,
All Kamen Rider: Rider Generation 2,DS,2012,Action,Namco Bandai Games,0,0,0.1,0,0.1,41,15,10,99,,
Ao no Exorcist: Genkoku no Labyrinth,PSP,2012,Action,Namco Bandai Games,0,0,0.04,0,0.04,35,69,0,86,,
Armored Core V,X360,2012,Simulation,Namco Bandai Games,0.13,0.03,0.04,0.01,0.21,68,37,7.2,37,From Software,T
Armored Core V,PS3,2012,Simulation,Namco Bandai Games,0.09,0.04,0.24,0.02,0.39,65,26,7.3,47,From Software,T
Bakemonogatari Portable,PSP,2012,Action,Namco Bandai Games,0,0,0.05,0,0.05,10,10,7,18,,
Cho~ricchi! Tamagotchi no Puchi Puchi Omisecchi,3DS,2012,Action,Namco Bandai Games,0,0,0.07,0,0.07,29,26,4,2,,
Choujikuu Yousai Macross: Do You Remember Love,PS3,2012,Shooter,Namco Bandai Games,0,0,0.05,0,0.05,55,1,0,47,,
Dai-2-Ji Super Robot Taisen OG,PS3,2012,Strategy,Namco Bandai Games,0,0,0.3,0,0.3,73,97,5,36,,
Dai-2-Ji Super Robot Taisen Z Saisei-hen,PSP,2012,Strategy,Namco Bandai Games,0,0,0.36,0,0.36,10,0,5,9,,
Dangerous Ji-San to 1000-nin no Otomodachi Yokoshima,3DS,2012,Action,Namco Bandai Games,0,0,0.08,0,0.08,30,51,0,96,,
Dark Souls,PC,2012,Role-Playing,Namco Bandai Games,0,0.06,0,0.01,0.07,10,19,10,22,,
Detective Conan: Prelude from the Past,PSP,2012,Action,Namco Bandai Games,0,0,0.04,0,0.04,48,74,6,6,,
Detective Conan: Prelude from the Past,DS,2012,Action,Namco Bandai Games,0,0,0.05,0,0.05,30,8,4,25,,
Digimon World Re:Digitize,PSP,2012,Action,Namco Bandai Games,0,0,0.22,0,0.22,45,90,8,53,,
Dragon Ball Z for Kinect,X360,2012,Fighting,Namco Bandai Games,0.01,0,0,0,0.01,49,32,2.1,39,Spike,T
Eureka Seven AO: Jungfrau no Hanabanatachi,PS3,2012,Action,Namco Bandai Games,0,0,0.03,0,0.03,48,40,6,25,,
Even in a Game Listen to Me Girls. I Am Your Father!,PSP,2012,Action,Namco Bandai Games,0,0,0.03,0,0.03,29,42,3,53,,
Gon: BakuBakuBakuBaku Adventure,3DS,2012,Action,Namco Bandai Games,0,0,0.02,0,0.02,40,55,6,27,,
Great Battle Full Blast,PSP,2012,Action,Namco Bandai Games,0,0,0.04,0,0.04,9,83,2,75,,
Heroes Phantasia,PSP,2012,Role-Playing,Namco Bandai Games,0,0,0.07,0,0.07,20,72,10,6,,
Hunter x Hunter: Wonder Adventure,PSP,2012,Action,Namco Bandai Games,0,0,0.04,0,0.04,97,8,10,80,,
I Am In The Movie,Wii,2012,Simulation,Namco Bandai Games,0,0,0.08,0,0.08,18,51,5,76,,
I Am In The Movie,PSP,2012,Simulation,Namco Bandai Games,0,0,0.06,0,0.06,18,83,2,31,,
I Don't Have Many Friends Portable,PSP,2012,Adventure,Namco Bandai Games,0,0,0.07,0,0.07,78,9,5,16,,
Inversion,X360,2012,Shooter,Namco Bandai Games,0.03,0.02,0,0.01,0.06,53,51,6.5,72,Saber Interactive,M
Inversion,PS3,2012,Shooter,Namco Bandai Games,0.03,0.03,0,0.01,0.07,56,23,5.4,43,Saber Interactive,M
Kidou Senshi Gundam Seed Battle Destiny,PSV,2012,Action,Namco Bandai Games,0,0,0.12,0,0.12,87,99,9,24,,
Kidou Senshi Gundam UC,PS3,2012,Action,Namco Bandai Games,0,0,0.1,0,0.1,59,66,1,94,,
Kokoro Connect: Yochi Random,PSP,2012,Action,Namco Bandai Games,0,0,0.02,0,0.02,45,10,6,99,,
Kuroko's Basketball: Miracle Game,PSP,2012,Sports,Namco Bandai Games,0,0,0.11,0,0.11,44,59,10,9,,
Lost Heroes,PSP,2012,Role-Playing,Namco Bandai Games,0,0,0.07,0,0.07,1,46,4,50,,
Lost Heroes,3DS,2012,Role-Playing,Namco Bandai Games,0,0,0.09,0,0.09,60,17,1,68,,
Minna no Ennichi,3DS,2012,Action,Namco Bandai Games,0,0,0.05,0,0.05,69,68,9,1,,
Mobile Suit Gundam Age: Universe Accel / Cosmic Drive,PSP,2012,Action,Namco Bandai Games,0,0,0.11,0,0.11,75,94,3,49,,
Mobile Suit Gundam: Mokuba no Kiseki,PSP,2012,Action,Namco Bandai Games,0,0,0.04,0,0.04,67,21,8,96,,
My Little Sister Can't Be This Cute Portable,PSP,2012,Action,Namco Bandai Games,0,0,0.11,0,0.11,26,83,3,77,,
Naruto Shippuden: Ultimate Ninja Storm Generations,X360,2012,Fighting,Namco Bandai Games,0.26,0.14,0.01,0.04,0.44,74,35,7.2,47,"CyberConnect2, Racjin",T
Naruto Shippuden: Ultimate Ninja Storm Generations,PS3,2012,Fighting,Namco Bandai Games,0.27,0.24,0.14,0.08,0.73,74,23,7.1,83,"CyberConnect2, Racjin",T
Naruto: Powerful Shippuden,3DS,2012,Platform,Namco Bandai Games,0.08,0.02,0.04,0.01,0.15,71,13,5.4,19,Inti Creates,E10+
Nendoroid Generation,PSP,2012,Role-Playing,Namco Bandai Games,0,0,0.06,0,0.06,23,17,8,44,,
One Piece: Pirate Warriors,PS3,2012,Action,Namco Bandai Games,0.01,0.23,0.86,0.08,1.18,64,33,6.5,55,"Omega Force, Tecmo Koei Games",T
One Piece: Romance Dawn - Bouken no Yoake,PSP,2012,Fighting,Namco Bandai Games,0,0,0.32,0,0.32,8,8,4,55,,
Ouchi Mainichi Tamagotchi,3DS,2012,Action,Namco Bandai Games,0,0,0.09,0,0.09,62,92,9,57,,
Project X Zone,3DS,2012,Role-Playing,Namco Bandai Games,0.18,0.04,0.15,0.02,0.39,70,53,7.3,146,"Monolith Soft, Banpresto",T
Puella Magi Madoka Magica Portable,PSP,2012,Role-Playing,Namco Bandai Games,0,0,0.12,0,0.12,91,22,0,35,,
Puzzler Brain Games,Wii,2012,Puzzle,Namco Bandai Games,0,0,0.66,0,0.66,78,41,0,20,,
Ridge Racer Unbounded,X360,2012,Racing,Namco Bandai Games,0.05,0.05,0,0.01,0.11,71,59,7.7,56,Bugbear,T
Ridge Racer Unbounded,PS3,2012,Racing,Namco Bandai Games,0.05,0.09,0,0.03,0.17,72,20,6,29,Bugbear,T
Ridge Racer Unbounded,PC,2012,Racing,Namco Bandai Games,0,0.02,0,0,0.02,72,9,6,83,Bugbear,T
Rinne no Lagrange: Kamogawa Days,PS3,2012,Adventure,Namco Bandai Games,0,0,0.02,0,0.02,28,83,6,20,,
Rurouni Kenshin: Meiji Kenyaku Romantan - Kansen,PSP,2012,Action,Namco Bandai Games,0,0,0.06,0,0.06,52,99,7,91,,
Saint Seiya Omega: Ultimate Cosmo,PSP,2012,Fighting,Namco Bandai Games,0,0,0.01,0,0.01,45,94,8,32,,
SD Gundam G Generation: Overworld,PSP,2012,Strategy,Namco Bandai Games,0,0,0.31,0,0.31,90,35,6,97,,
Smile PreCure! Let's Go! Marchen World,3DS,2012,Action,Namco Bandai Games,0,0,0.06,0,0.06,22,96,3,50,,
SoulCalibur V,X360,2012,Fighting,Namco Bandai Games,0.39,0.13,0.02,0.04,0.58,77,56,6.2,124,Project Soul,T
SoulCalibur V,PS3,2012,Fighting,Namco Bandai Games,0.35,0.23,0.07,0.09,0.75,81,53,6.7,150,Project Soul,T
Summon Night 3,PSP,2012,Role-Playing,Namco Bandai Games,0,0,0.12,0,0.12,20,64,7,20,,
Summon Night 4,PSP,2012,Role-Playing,Namco Bandai Games,0,0,0.07,0,0.07,57,2,0,83,,
Taiko no Tatsujin: Chibi Dragon to Fushigi na Orb,3DS,2012,Misc,Namco Bandai Games,0,0,0.63,0,0.63,58,30,0,69,,
Tales of Innocence R,PSV,2012,Role-Playing,Namco Bandai Games,0,0,0.1,0,0.1,62,99,3,42,,
Tales of the Heroes: Twin Brave,PSP,2012,Role-Playing,Namco Bandai Games,0,0,0.13,0,0.13,10,51,8,79,,
Tank! Tank! Tank!,WiiU,2012,Action,Namco Bandai Games,0.02,0.01,0.05,0,0.07,84,27,2,9,,
Tekken Tag Tournament 2,X360,2012,Fighting,Namco Bandai Games,0.19,0.11,0.01,0.03,0.34,83,35,7.5,90,Namco Bandai Games,T
Tekken Tag Tournament 2,WiiU,2012,Fighting,Namco Bandai Games,0.09,0.07,0.01,0.01,0.18,35,73,3,59,,
Tekken Tag Tournament 2,PS3,2012,Fighting,Namco Bandai Games,0.28,0.31,0.13,0.13,0.85,82,50,8.2,193,Namco Bandai Games,T
The IdolM@ster: Gravure For You! Vol. 6,PS3,2012,Action,Namco Bandai Games,0,0,0.03,0,0.03,59,54,10,34,,
The Idolm@ster: Shiny Festa - Honey Sound / Funky Note / Groovy Tune,PSP,2012,Action,Namco Bandai Games,0,0,0.17,0,0.17,3,49,0,26,,
The Idolmaster: Gravure For You! Vol. 4,PS3,2012,Misc,Namco Bandai Games,0,0,0.03,0,0.03,59,0,2,100,,
The Idolmaster: Gravure For You! Vol. 5,PS3,2012,Misc,Namco Bandai Games,0,0,0.03,0,0.03,51,77,9,23,,
The Idolmaster: Gravure For You! Vol.7,PS3,2012,Action,Namco Bandai Games,0,0,0.02,0,0.02,98,44,6,92,,
The Idolmaster: Gravure For You! Vol.8,PS3,2012,Action,Namco Bandai Games,0,0,0.02,0,0.02,51,16,2,88,,
The Idolmaster: Gravure For You! Vol.9,PS3,2012,Action,Namco Bandai Games,0,0,0.02,0,0.02,92,23,10,65,,
The Witcher 2: Assassins of Kings,X360,2012,Action,Namco Bandai Games,0.48,0.32,0.02,0.08,0.9,88,82,8.3,818,CD Projekt Red Studio,M
Tiger & Bunny: On-Air Jack!,PSP,2012,Action,Namco Bandai Games,0,0,0.03,0,0.03,17,66,7,55,,
Tokumei Sentai Go-Busters,DS,2012,Action,Namco Bandai Games,0,0,0.04,0,0.04,44,96,9,85,,
Toriko: Gourmet Monsters!,3DS,2012,Role-Playing,Namco Bandai Games,0,0,0.16,0,0.16,82,40,9,96,,
Toshochu: Run for Money,3DS,2012,Adventure,Namco Bandai Games,0,0,0.62,0,0.62,31,97,5,43,,
Accel World: Kasoku no Chouten,PSP,2013,Adventure,Namco Bandai Games,0,0,0.01,0,0.01,18,96,6,88,,
Accel World: Kasoku no Chouten,PS3,2013,Adventure,Namco Bandai Games,0,0,0.02,0,0.02,86,25,8,97,,
Aikatsu! 2-nin no My Princess,3DS,2013,Action,Namco Bandai Games,0,0,0.26,0,0.26,31,14,8,64,,
AKB1/149: Love Election,PS3,2013,Adventure,Namco Bandai Games,0,0,0.08,0,0.08,61,76,9,99,,
Ben 10 Omniverse 2,X360,2013,Action,Namco Bandai Games,0,0.01,0,0,0.01,91,100,5.1,9,High Voltage Software,E10+
Ben 10 Omniverse 2,3DS,2013,Action,Namco Bandai Games,0,0.02,0,0,0.02,11,98,7.6,5,1st Playable Productions,E10+
Detective Conan: Marionette Symphony,3DS,2013,Adventure,Namco Bandai Games,0,0,0.05,0,0.05,75,2,4,33,,
Digimon Adventure,PSP,2013,Role-Playing,Namco Bandai Games,0,0,0.1,0,0.1,35,4,7,50,,
Digimon World Re:Digitize Decode,3DS,2013,Role-Playing,Namco Bandai Games,0,0,0.09,0,0.09,25,41,10,83,,
Doki Doki! PreCure Narikiri Life!,3DS,2013,Action,Namco Bandai Games,0,0,0.04,0,0.04,83,47,2,90,,
Dragon Ball Heroes: Ultimate Mission,3DS,2013,Misc,Namco Bandai Games,0,0,0.29,0,0.29,65,40,0,16,,
Dynasty Warriors: Gundam Reborn,PSV,2013,Action,Namco Bandai Games,0,0,0.13,0,0.13,24,54,3,60,,
Gekijouban Madoka Magicka: The Battle Pentagram,PSV,2013,Action,Namco Bandai Games,0,0,0.08,0,0.08,15,14,7,23,,
Gintama no Sugoroku,PSP,2013,Action,Namco Bandai Games,0,0,0.06,0,0.06,56,93,3,100,,
God Eater 2,PSV,2013,Role-Playing,Namco Bandai Games,0,0,0.45,0,0.45,88,47,10,54,,
God Eater 2,PSP,2013,Role-Playing,Namco Bandai Games,0,0,0.24,0,0.24,55,96,5,46,,
Gundam Breaker,PSV,2013,Action,Namco Bandai Games,0,0,0.09,0,0.09,32,96,7,9,,
Gundam Breaker,PS3,2013,Action,Namco Bandai Games,0,0,0.26,0,0.26,58,29,6,19,,
Heroes VS,PSP,2013,Fighting,Namco Bandai Games,0,0,0.02,0,0.02,100,16,9,59,,
Hyperdimension Idol Neptunia PP,PSV,2013,Misc,Namco Bandai Games,0.02,0.02,0.04,0.01,0.09,85,84,4,60,,
J Legend Retsuden,3DS,2013,Misc,Namco Bandai Games,0,0,0.07,0,0.07,96,47,7,33,,
JoJo's Bizarre Adventure: All Star Battle,PS3,2013,Fighting,Namco Bandai Games,0.05,0.02,0.5,0.01,0.58,71,53,8.3,55,CyberConnect2,T
Kamen Rider: Battride War,PS3,2013,Action,Namco Bandai Games,0,0,0.19,0,0.19,95,78,4,43,,
Kuma-Tomo,3DS,2013,Misc,Namco Bandai Games,0,0,0.19,0,0.19,30,4,8,77,,
Macross 30: Ginga o Tsunagu Utagoe,PS3,2013,Shooter,Namco Bandai Games,0,0,0.1,0,0.1,83,16,5,34,,
Magi: The Labyrinth of Beginning,3DS,2013,Role-Playing,Namco Bandai Games,0,0,0.07,0,0.07,30,50,8,68,,
Mushi Bugyou,3DS,2013,Action,Namco Bandai Games,0,0,0.01,0,0.01,24,17,8,68,,
Naruto Shippuden: Ultimate Ninja Storm 3,X360,2013,Fighting,Namco Bandai Games,0.29,0.16,0.01,0.05,0.51,70,16,7.7,67,CyberConnect2,T
Naruto Shippuden: Ultimate Ninja Storm 3,PS3,2013,Fighting,Namco Bandai Games,0.32,0.32,0.15,0.15,0.93,77,32,7.9,187,CyberConnect2,T
One Piece: Pirate Warriors 2,PSV,2013,Action,Namco Bandai Games,0,0,0.12,0,0.12,36,20,4,29,,
One Piece: Pirate Warriors 2,PS3,2013,Action,Namco Bandai Games,0,0.19,0.42,0.05,0.66,71,35,7.8,61,Omega Force,T
One Piece: Romance Dawn - Bouken no Yoake,3DS,2013,Fighting,Namco Bandai Games,0,0,0.08,0,0.08,55,7,2,21,,
One Piece: Unlimited World Red,3DS,2013,Action,Namco Bandai Games,0.05,0.04,0.28,0.01,0.39,75,5,7.6,26,Ganbarion,T
Ore no Imouto ga Konna ni Kawaii Wake ga Nai Happy EnD,PS3,2013,Simulation,Namco Bandai Games,0,0,0.04,0,0.04,7,0,9,99,,
PAC-MAN and the Ghostly Adventures,X360,2013,Platform,Namco Bandai Games,0.04,0.03,0,0.01,0.08,49,7,5.1,13,"Namco Bandai Games, Monkey Bar Games",E10+
PAC-MAN and the Ghostly Adventures,WiiU,2013,Platform,Namco Bandai Games,0.03,0.01,0,0,0.05,58,9,6.5,16,"Namco Bandai Games, Monkey Bar Games",E10+
PAC-MAN and the Ghostly Adventures,PS3,2013,Platform,Namco Bandai Games,0.03,0.03,0,0.01,0.08,51,6,3.1,7,"Namco Bandai Games, Monkey Bar Games",E10+
PAC-MAN and the Ghostly Adventures,3DS,2013,Platform,Namco Bandai Games,0.05,0.04,0,0.01,0.09,61,69,6,66,Inti Creates,E10+
Pretty Cure All Stars Everyone Gather ? Let's Dance!,Wii,2013,Misc,Namco Bandai Games,0,0,0.05,0,0.05,98,65,4,49,,
Saint Seiya: Brave Soldiers,PS3,2013,Fighting,Namco Bandai Games,0,0.01,0.06,0,0.07,55,32,7.4,45,Dimps Corporation,
Sentouchu: Densetsu no Shinobi to Survival Battle!,3DS,2013,Action,Namco Bandai Games,0,0,0.35,0,0.35,92,34,3,46,,
Star Trek: The Game,X360,2013,Action,Namco Bandai Games,0.12,0.08,0,0.02,0.21,98,33,4,74,,
Star Trek: The Game,PS3,2013,Action,Namco Bandai Games,0.1,0.1,0,0.04,0.24,41,78,2,57,,
Star Trek: The Game,PC,2013,Action,Namco Bandai Games,0,0.02,0,0,0.03,29,51,3,23,,
Summon Night 5,PSP,2013,Role-Playing,Namco Bandai Games,0,0,0.15,0,0.15,74,7,8.3,6,Felistella,T
Super Robot Taisen OG Infinite Battle,PS3,2013,Fighting,Namco Bandai Games,0,0,0.04,0,0.04,84,2,9,35,,
Super Robot Taisen OG Saga: Masou Kishin III - Pride of Justice,PSV,2013,Strategy,Namco Bandai Games,0,0,0.03,0,0.03,89,83,0,32,,
Super Robot Taisen OG Saga: Masou Kishin III - Pride of Justice,PS3,2013,Strategy,Namco Bandai Games,0,0,0.07,0,0.07,13,1,2,64,,
Super Robot Taisen UX,3DS,2013,Role-Playing,Namco Bandai Games,0,0,0.18,0,0.18,17,50,5,93,,
Sword Art Online: Infinity Moment,PSP,2013,Role-Playing,Namco Bandai Games,0,0,0.22,0,0.22,32,53,4,86,,
Taiko no Tatsujin: Wii U Version!,WiiU,2013,Misc,Namco Bandai Games,0,0,0.19,0,0.19,49,13,6,72,,
Tales of Hearts,PSV,2013,Role-Playing,Namco Bandai Games,0.11,0.11,0.09,0.07,0.38,8,62,8,60,,
Tales of Symphonia,PS3,2013,Role-Playing,Namco Bandai Games,0.21,0.12,0.13,0.07,0.52,59,70,7.2,6,Namco Bandai Games,T
Tamagotchi no Doki Doki Dream Omisecchi,3DS,2013,Simulation,Namco Bandai Games,0,0,0.03,0,0.03,93,29,2,52,,
Toaru Majutsu no Kagaku no Ensemble,PSP,2013,Adventure,Namco Bandai Games,0,0,0.03,0,0.03,76,57,3,24,,
Toriko: Gourmet Battle!,3DS,2013,Role-Playing,Namco Bandai Games,0,0,0.06,0,0.06,12,10,4,1,,
Toriko: Ultimate Survival,3DS,2013,Action,Namco Bandai Games,0,0,0.03,0,0.03,36,41,7,48,,
Ultraman Star Chronicles,PSP,2013,Strategy,Namco Bandai Games,0,0,0.02,0,0.02,7,82,6,48,,
Young Justice: Legacy,X360,2013,Action,Namco Bandai Games,0,0.01,0,0,0.01,90,44,6.2,10,Freedom Factory Studios,T
Young Justice: Legacy,Wii,2013,Action,Namco Bandai Games,0,0.03,0,0,0.03,85,78,6,84,Freedom Factory Studios,T
Young Justice: Legacy,PS3,2013,Action,Namco Bandai Games,0.06,0.01,0,0.02,0.09,29,31,4.9,15,Freedom Factory Studios,T
Young Justice: Legacy,3DS,2013,Action,Namco Bandai Games,0.03,0,0,0,0.03,12,27,7.1,7,Farsight Studios,E10+
Zyuden Sentai Kyoryuger: Game de Gaburincho!!,3DS,2013,Action,Namco Bandai Games,0,0,0.05,0,0.05,55,63,8,35,,
3rd Super Robot Wars Z Jigoku Hen,PSV,2014,Role-Playing,Namco Bandai Games,0,0,0.19,0,0.19,33,68,9,54,,
3rd Super Robot Wars Z Jigoku Hen,PS3,2014,Role-Playing,Namco Bandai Games,0,0,0.23,0,0.23,82,25,2,18,,
Aikatsu! 365 Idol Days,3DS,2014,Adventure,Namco Bandai Games,0,0,0.13,0,0.13,0,52,10,81,,
Crayon Shin-chan: Arashi o Yobu Kasukabe Eiga Stars!,3DS,2014,Adventure,Namco Bandai Games,0,0,0.06,0,0.06,43,46,1,58,,
CV Casting Voice,PS3,2014,Adventure,Namco Bandai Games,0,0,0.02,0,0.02,32,17,2,68,,
Dark Souls II,X360,2014,Role-Playing,Namco Bandai Games,0.48,0.18,0.01,0.07,0.74,91,30,7.9,915,From Software,T
Dark Souls II,PS3,2014,Role-Playing,Namco Bandai Games,0.4,0.33,0.4,0.15,1.27,91,69,8.1,1107,From Software,T
Dark Souls II,PC,2014,Role-Playing,Namco Bandai Games,0.08,0.08,0,0.01,0.17,91,36,7.1,2318,From Software,T
Detective Conan: Phantom Rhapsody,3DS,2014,Action,Namco Bandai Games,0,0,0.03,0,0.03,4,91,5,95,,
Digimon All-Star Rumble,X360,2014,Fighting,Namco Bandai Games,0.05,0.01,0,0.01,0.06,74,58,5.7,10,Prope,E10+
Digimon All-Star Rumble,PS3,2014,Fighting,Namco Bandai Games,0.06,0.02,0,0.02,0.09,49,12,5.8,32,Prope,E10+
Dragon Ball Heroes: Ultimate Mission 2 ,3DS,2014,Strategy,Namco Bandai Games,0,0,0.32,0,0.32,56,66,9,26,,
Dragon Ball Z: Battle of Z,X360,2014,Fighting,Namco Bandai Games,0.01,0.05,0,0,0.07,53,17,5.1,44,Artdink,T
Dragon Ball Z: Battle of Z,PSV,2014,Fighting,Namco Bandai Games,0,0.04,0.06,0.01,0.11,66,7,7.5,54,Artdink,T
Dragon Ball Z: Battle of Z,PS3,2014,Fighting,Namco Bandai Games,0.1,0.1,0.06,0.04,0.31,54,32,5.3,103,Artdink,T
Enemy Front,X360,2014,Shooter,Namco Bandai Games,0.02,0.02,0,0,0.04,35,8,5.8,78,CI Games,M
Fujiko F. Fujio Characters: Great Assembly! Slightly Fantastic Slapstick Party,3DS,2014,Action,Namco Bandai Games,0,0,0.01,0,0.01,53,89,7,43,,
Game Center CX: 3-Choume no Arino,3DS,2014,Action,Namco Bandai Games,0,0,0.06,0,0.06,53,72,8,42,,
Girls und Panzer: I Will Master Tankery,PSV,2014,Action,Namco Bandai Games,0,0,0.09,0,0.09,67,55,10,25,,
Godzilla (2014),PS3,2014,Action,Namco Bandai Games,0,0,0.06,0,0.06,71,41,7,47,,
Godzilla (2015),PS4,2014,Action,Namco Bandai Games,0.11,0.03,0.02,0.03,0.19,27,80,1,75,,
Gotouchi Tetsudou: Gotouchi Chara to Nihon Zenkoku no Tabi,WiiU,2014,Misc,Namco Bandai Games,0,0,0.03,0,0.03,67,65,0,61,,
Gotouchi Tetsudou: Gotouchi Chara to Nihon Zenkoku no Tabi,3DS,2014,Misc,Namco Bandai Games,0,0,0.12,0,0.12,38,84,0,66,,
Gundam Breaker 2,PSV,2014,Action,Namco Bandai Games,0,0,0.15,0,0.15,61,91,5,6,,
Gundam Breaker 2,PS3,2014,Action,Namco Bandai Games,0,0,0.14,0,0.14,19,75,4,75,,
Gundam Try Age SP,3DS,2014,Strategy,Namco Bandai Games,0,0,0.07,0,0.07,25,77,7,72,,
Haikyuu!! Tsunage! Itadaki no Keshiki!!,3DS,2014,Adventure,Namco Bandai Games,0,0,0.07,0,0.07,63,95,9,0,,
Hajime no Ippo: The Fighting! (2014),PS3,2014,Sports,Namco Bandai Games,0,0,0.03,0,0.03,70,77,3,68,,
Hanayamata: Yosakoi Live,PSV,2014,Adventure,Namco Bandai Games,0,0,0.01,0,0.01,13,73,3,62,,
HappinessCharge PreCure! Kawarun Collection,3DS,2014,Misc,Namco Bandai Games,0,0,0.03,0,0.03,1,79,4,83,,
J Stars Victory Vs.,PSV,2014,Fighting,Namco Bandai Games,0,0.03,0.17,0.01,0.21,74,5,7.9,29,Bandai Namco Games,T
J Stars Victory Vs.,PS3,2014,Fighting,Namco Bandai Games,0.05,0.05,0.2,0.02,0.31,61,42,7.9,11,Bandai Namco Games,
Kamen Rider: Battride War II,WiiU,2014,Action,Namco Bandai Games,0,0,0.02,0,0.02,85,6,8,51,,
Kamen Rider: Battride War II,PS3,2014,Action,Namco Bandai Games,0,0,0.1,0,0.1,80,45,8,37,,
Kuroko's Basketball: Miracle Game,3DS,2014,Sports,Namco Bandai Games,0,0,0.1,0,0.1,41,17,4,67,,
Magi: Aratanaru Sekai,3DS,2014,Role-Playing,Namco Bandai Games,0,0,0.06,0,0.06,91,32,9,83,,
Mahouka Koukou no Rettousei: Out of Order,PSV,2014,Adventure,Namco Bandai Games,0,0,0.06,0,0.06,38,53,1,18,,
Mobile Suit Gundam Side Story: Missing Link,PS3,2014,Action,Namco Bandai Games,0,0,0.12,0,0.12,71,47,8,67,,
Mobile Suit Gundam: Extreme VS Full Boost,PS3,2014,Fighting,Namco Bandai Games,0,0,0.38,0,0.38,35,46,1,9,,
Naruto Shippuden: Ultimate Ninja Storm Revolution,X360,2014,Fighting,Namco Bandai Games,0.14,0.06,0,0.02,0.22,62,11,7.3,44,CyberConnect2,T
Naruto Shippuden: Ultimate Ninja Storm Revolution,PS3,2014,Fighting,Namco Bandai Games,0.15,0.14,0.09,0.06,0.43,73,26,7.5,100,CyberConnect2,T
Nazotoki Battle Tore! Densetsu no Makyuu o Fukkatsu Saseyo! ,3DS,2014,Action,Namco Bandai Games,0,0,0.06,0,0.06,98,3,2,64,,
One Piece: Super Grand Battle! X,3DS,2014,Fighting,Namco Bandai Games,0,0,0.12,0,0.12,58,24,8,57,,
One Piece: Unlimited World Red,WiiU,2014,Action,Namco Bandai Games,0,0.04,0.02,0,0.06,66,11,7.8,43,Ganbarion,T
One Piece: Unlimited World Red,PSV,2014,Action,Namco Bandai Games,0.03,0.04,0.04,0.02,0.13,67,4,7.8,25,Ganbarion,T
One Piece: Unlimited World Red,PS3,2014,Action,Namco Bandai Games,0.09,0.1,0.06,0.04,0.28,71,28,7.3,46,Ganbarion,T
Pac-Man and the Ghostly Adventures 2,X360,2014,Adventure,Namco Bandai Games,0.05,0.04,0,0.01,0.11,60,7,6.5,10,Vicious Cycle,E10+
Pac-Man and the Ghostly Adventures 2,WiiU,2014,Adventure,Namco Bandai Games,0.04,0.02,0,0.01,0.07,84,64,7,9,Vicious Cycle,E10+
Pac-Man and the Ghostly Adventures 2,PS3,2014,Adventure,Namco Bandai Games,0.05,0.03,0,0.02,0.09,59,11,6.3,4,Vicious Cycle,E10+
Pac-Man and the Ghostly Adventures 2,3DS,2014,Adventure,Namco Bandai Games,0.03,0.04,0,0.01,0.08,60,6,5,41,Vicious Cycle,E10+
Penguins of Madagascar,WiiU,2014,Action,Namco Bandai Games,0.01,0.02,0,0,0.03,28,0,5.2,6,Little Orbit,E
Penguins of Madagascar,Wii,2014,Action,Namco Bandai Games,0,0.01,0,0,0.01,25,16,1,73,Little Orbit,E
Penguins of Madagascar,3DS,2014,Action,Namco Bandai Games,0,0.06,0,0,0.07,51,4,10,43,Little Orbit,E
Power Rangers Super Megaforce ,3DS,2014,Action,Namco Bandai Games,0.01,0.01,0,0,0.03,43,7,1,74,Bandai Namco Games,E10+
"Sakigake!! Otokojuku - Nihon yo, Kore ga Otoko Dearu!",PS3,2014,Fighting,Namco Bandai Games,0,0,0.01,0,0.01,83,10,2,71,,
Super Hero Generation,PSV,2014,Role-Playing,Namco Bandai Games,0,0,0.04,0,0.04,75,96,1,72,,
Super Hero Generation,PS3,2014,Role-Playing,Namco Bandai Games,0,0,0.03,0,0.03,41,57,2,12,,
Super Heroine Chronicle,PSV,2014,Role-Playing,Namco Bandai Games,0,0,0.05,0,0.05,12,69,1,46,,
Super Heroine Chronicle,PS3,2014,Role-Playing,Namco Bandai Games,0,0,0.03,0,0.03,69,70,8,68,,
Super Robot Wars OG Saga Masou Kishin F: Coffin of the End,PS3,2014,Strategy,Namco Bandai Games,0,0,0.06,0,0.06,84,96,7,53,,
Sword Art Online: Hollow Fragment,PSV,2014,Role-Playing,Namco Bandai Games,0,0,0.3,0,0.3,67,28,7.6,131,Bandai Namco Games,T
Taiko Drum Master: Don and Katsu's Space-Time Great Adventure,3DS,2014,Action,Namco Bandai Games,0,0,0.31,0,0.31,68,33,10,57,,
Taiko Drum Master: Tokumori!,WiiU,2014,Misc,Namco Bandai Games,0,0,0.11,0,0.11,95,60,4,99,,
Tales of the World: Reve Unitia,3DS,2014,Role-Playing,Namco Bandai Games,0,0,0.11,0,0.11,39,20,0,68,,
Tenkai Knights: Brave Battle,3DS,2014,Action,Namco Bandai Games,0.01,0.01,0,0,0.02,26,10,2.4,22,Bandai Namco Games,E10+
The IdolM@ster: One for All,PS3,2014,Misc,Namco Bandai Games,0,0,0.13,0,0.13,15,14,2,15,,
Tsukigime Ranko's Longest Day,PS3,2014,Action,Namco Bandai Games,0,0.01,0,0,0.01,71,53,6,35,,
Winx Club: Saving Alfea ,3DS,2014,Action,Namco Bandai Games,0,0.01,0,0,0.01,97,0,6,82,Little Orbit,E
3rd Super Robot Wars Z: Tengoku-Hen,PSV,2015,Action,Namco Bandai Games,0,0,0.19,0,0.19,20,93,0,78,,
3rd Super Robot Wars Z: Tengoku-Hen,PS3,2015,Action,Namco Bandai Games,0,0,0.15,0,0.15,43,85,2,15,,
Aikatsu! My No.1 Stage!,3DS,2015,Misc,Namco Bandai Games,0,0,0.08,0,0.08,37,85,0,58,,
Assassination Classroom: Grand Siege on Kuro-sensei,3DS,2015,Action,Namco Bandai Games,0,0,0.13,0,0.13,51,79,5,71,,
Barbie and Her Sisters Puppy Rescue,WiiU,2015,Action,Namco Bandai Games,0,0.01,0,0,0.01,76,93,2.8,11,"Torus Games, Little Orbit",E
Barbie and Her Sisters Puppy Rescue,Wii,2015,Action,Namco Bandai Games,0,0.03,0,0,0.03,50,52,8,77,"Torus Games, Little Orbit",E
Barbie and Her Sisters Puppy Rescue,3DS,2015,Action,Namco Bandai Games,0,0.03,0,0,0.03,67,64,7,1,"Torus Games, Little Orbit",E
Cross Ange: Tenshi to Ryuu no Rondo tr.,PSV,2015,Action,Namco Bandai Games,0,0,0.02,0,0.02,6,33,4,10,,
Dark Souls II,XOne,2015,Role-Playing,Namco Bandai Games,0.14,0.07,0,0.02,0.23,98,54,6,100,,
Dark Souls II,PS4,2015,Role-Playing,Namco Bandai Games,0.21,0.23,0.08,0.09,0.6,38,25,5,59,,
Digimon Story: Cyber Sleuth,PSV,2015,Role-Playing,Namco Bandai Games,0,0,0.17,0,0.17,11,55,8.8,92,Media Vision,T
Dragon Ball Z: Extreme Butoden,3DS,2015,Fighting,Namco Bandai Games,0.12,0.03,0.16,0.02,0.33,61,32,6.6,32,Arc System Works,T
Dragon Ball: XenoVerse,XOne,2015,Fighting,Namco Bandai Games,0.18,0.11,0,0.03,0.32,67,18,7.2,128,Dimps Corporation,T
Dragon Ball: XenoVerse,X360,2015,Fighting,Namco Bandai Games,0.17,0.04,0,0.02,0.24,55,57,6.7,46,Dimps Corporation,T
Dragon Ball: XenoVerse,PS4,2015,Fighting,Namco Bandai Games,0.3,0.52,0.12,0.16,1.11,69,50,7.7,598,Dimps Corporation,T
Dragon Ball: XenoVerse,PS3,2015,Fighting,Namco Bandai Games,0.16,0.13,0.14,0.06,0.48,25,86,7.1,62,Dimps Corporation,T
Famista Returns,3DS,2015,Sports,Namco Bandai Games,0,0,0.14,0,0.14,82,99,1,61,,
Girl Friend Beta: Kimi to Sugosu Natsuyasumi,PSV,2015,Action,Namco Bandai Games,0,0,0.02,0,0.02,2,72,8,24,,
God Eater 2: Rage Burst,PSV,2015,Role-Playing,Namco Bandai Games,0,0.03,0.37,0.01,0.41,28,78,8.1,16,Shift,T
God Eater 2: Rage Burst,PS4,2015,Role-Playing,Namco Bandai Games,0,0.01,0.09,0,0.11,69,35,8,79,Shift,T
God Eater Off Shot: Lindow-hen Twin Pack & Animation Vol. 2,PS4,2015,Misc,Namco Bandai Games,0,0,0.03,0,0.03,44,91,7,36,,
God Eater Resurrection,PSV,2015,Action,Namco Bandai Games,0,0,0.19,0,0.19,4,62,8.8,17,"Shift, Bandai Namco Games",T
God Eater Resurrection,PS4,2015,Action,Namco Bandai Games,0,0,0.08,0,0.08,70,18,7.8,44,"Shift, Bandai Namco Games",T
J Stars Victory Vs.,PS4,2015,Fighting,Namco Bandai Games,0.08,0.14,0,0.04,0.26,91,82,3,21,,
JoJo's Bizarre Adventure: Eyes of Heaven,PS4,2015,Fighting,Namco Bandai Games,0,0,0.03,0,0.03,61,35,7.4,44,CyberConnect2,T
JoJo's Bizarre Adventure: Eyes of Heaven,PS3,2015,Fighting,Namco Bandai Games,0,0,0.03,0,0.03,36,77,3,60,,
Kaitou Joker: Toki o Koeru Kaitou to Ushinawareta Houseki,3DS,2015,Action,Namco Bandai Games,0,0,0.01,0,0.01,16,12,7,95,,
Kuroko's Basketball: Ties to Future,3DS,2015,Action,Namco Bandai Games,0,0,0.09,0,0.09,79,48,5,64,,
Lost Heroes 2,3DS,2015,Action,Namco Bandai Games,0,0,0.07,0,0.07,2,93,5,8,,
Mobile Suit Gundam: Extreme VS Force,PSV,2015,Action,Namco Bandai Games,0,0,0.17,0,0.17,57,25,7.3,15,Bandai Namco Games,E10+
One Piece: Pirate Warriors 3,PSV,2015,Action,Namco Bandai Games,0,0.03,0.13,0.01,0.17,76,4,6.3,17,Omega Force,T
One Piece: Pirate Warriors 3,PS4,2015,Action,Namco Bandai Games,0.09,0.22,0.1,0.06,0.46,74,34,7.4,118,Omega Force,T
One Piece: Pirate Warriors 3,PS3,2015,Action,Namco Bandai Games,0,0.06,0.19,0.01,0.25,50,94,3.7,7,Omega Force,T
PriPara & Pretty Rhythm: PriPara de Tsukaeru Oshare Item 1450!,3DS,2015,Action,Namco Bandai Games,0,0,0.03,0,0.03,20,23,3,63,,
Professional Farmer 2016,PS4,2015,Action,Namco Bandai Games,0,0.01,0,0,0.02,85,46,7,25,,
Project X Zone 2: Brave New World,3DS,2015,Role-Playing,Namco Bandai Games,0.05,0.03,0.08,0.01,0.17,14,18,2,95,,
Ray Gigant,PSV,2015,Role-Playing,Namco Bandai Games,0,0,0.04,0,0.04,72,14,8.1,25,Bandai Namco Games,T
Saint Seiya: Soldiers' Soul,PS4,2015,Fighting,Namco Bandai Games,0,0.12,0.04,0.02,0.18,59,30,7.8,45,Dimps Corporation,T
Saint Seiya: Soldiers' Soul,PS3,2015,Fighting,Namco Bandai Games,0,0,0.04,0,0.04,60,92,6.3,4,Dimps Corporation,T
Super Robot Wars BX,3DS,2015,Action,Namco Bandai Games,0,0,0.13,0,0.13,58,17,7,29,,
Super Run For Money Tousouchuu Atsumare! Saikyou no Tousou Monotachi,3DS,2015,Action,Namco Bandai Games,0,0,0.11,0,0.11,99,73,9,93,,
Sword Art Online: Game Director's Edition,PS4,2015,Role-Playing,Namco Bandai Games,0,0,0.05,0,0.05,68,23,9,74,,
Sword Art Online: Hollow Fragment,PS4,2015,Role-Playing,Namco Bandai Games,0,0.1,0,0.02,0.12,7,26,4,90,,
Sword Art Online: Lost Song,PSV,2015,Role-Playing,Namco Bandai Games,0.06,0.04,0.23,0.03,0.36,70,4,7.1,27,"Bandai Namco Games, Artdink",T
Sword Art Online: Lost Song,PS4,2015,Role-Playing,Namco Bandai Games,0.1,0.11,0,0.04,0.25,63,32,6.3,60,"Bandai Namco Games, Artdink",T
Sword Art Online: Lost Song,PS3,2015,Role-Playing,Namco Bandai Games,0,0,0.1,0,0.1,82,46,0,84,,
Taiko no Tatsujin: Atsumete Tomodachi Daisakusen!,WiiU,2015,Misc,Namco Bandai Games,0,0,0.06,0,0.06,14,10,8,65,,
Taiko no Tatsujin: V Version,PSV,2015,Action,Namco Bandai Games,0,0,0.1,0,0.1,15,0,3,37,,
Tales of Zestiria,PS4,2015,Role-Playing,Namco Bandai Games,0.17,0.15,0.02,0.06,0.4,72,59,6.8,315,Bandai Namco Games,T
Tales of Zestiria,PS3,2015,Role-Playing,Namco Bandai Games,0.05,0.07,0.42,0.02,0.56,83,68,8,47,"Namco Bandai Games, Bandai Namco Games",T
The Idolm@ster: Must Songs - Red Board / Blue Board,PSV,2015,Misc,Namco Bandai Games,0,0,0.04,0,0.04,65,51,1,56,,
The Seven Deadly Sins: Unjust Sin,3DS,2015,Adventure,Namco Bandai Games,0,0,0.08,0,0.08,29,0,8,54,,
The Witcher 3: Wild Hunt,XOne,2015,Role-Playing,Namco Bandai Games,0.69,0.5,0,0.11,1.31,91,13,9.2,3963,CD Projekt Red Studio,M
The Witcher 3: Wild Hunt,PS4,2015,Role-Playing,Namco Bandai Games,1.02,2.13,0.23,0.59,3.97,92,79,9.2,10179,CD Projekt Red Studio,M
The Witcher 3: Wild Hunt,PC,2015,Role-Playing,Namco Bandai Games,0.21,0.46,0,0.05,0.72,93,32,9.3,10665,CD Projekt Red Studio,M
Tokyo Ghoul: Jail,PSV,2015,Racing,Namco Bandai Games,0,0,0.05,0,0.05,40,13,4,21,,
TV Anime Idolm@ster: Cinderella Girls G4U! Pack Vol.1,PS3,2015,Action,Namco Bandai Games,0,0,0.02,0,0.02,50,83,9,21,,
TV Anime Idolm@ster: Cinderella Girls G4U! Pack Vol.2,PS3,2015,Action,Namco Bandai Games,0,0,0.02,0,0.02,21,0,8,41,,
TV Anime Idolm@ster: Cinderella Girls G4U! Pack Vol.3,PS3,2015,Action,Namco Bandai Games,0,0,0.02,0,0.02,19,15,0,50,,
TV Anime Idolm@ster: Cinderella Girls G4U! Pack Vol.4,PS3,2015,Action,Namco Bandai Games,0,0,0.02,0,0.02,14,61,6,9,,
TV Anime Idolm@ster: Cinderella Girls G4U! Pack Vol.5,PS3,2015,Action,Namco Bandai Games,0,0,0.02,0,0.02,39,41,9,82,,
TV Anime Idolm@ster: Cinderella Girls G4U! Pack Vol.6,PS3,2015,Adventure,Namco Bandai Games,0,0,0.02,0,0.02,61,23,9,41,,
TV Anime Idolm@ster: Cinderella Girls G4U! Pack Vol.7,PS3,2015,Misc,Namco Bandai Games,0,0,0.02,0,0.02,44,77,4,15,,
Ukiyo no Shishi,PS3,2015,Action,Namco Bandai Games,0,0,0.03,0,0.03,64,63,9,74,,
World Trigger: Borderless Mission,PSV,2015,Action,Namco Bandai Games,0,0,0.04,0,0.04,26,5,4,44,,
Yowamushi Pedal,3DS,2015,Action,Namco Bandai Games,0,0,0.04,0,0.04,36,41,2,49,,
 Haikyu!! Cross Team Match!,3DS,2016,Adventure,Namco Bandai Games,0,0,0.04,0,0.04,66,7,10,92,,
Aikatsu Stars! My Special Appeal,3DS,2016,Action,Namco Bandai Games,0,0,0.01,0,0.01,74,96,4,29,,
Ansatsu Kyoushitsu: Assassin Ikusei Keikaku!!,3DS,2016,Action,Namco Bandai Games,0,0,0.06,0,0.06,87,59,0,71,,
Crows: Burning Edge,PS4,2016,Action,Namco Bandai Games,0,0,0.01,0,0.01,18,44,0,30,,
Dark Souls III,XOne,2016,Role-Playing,Namco Bandai Games,0.26,0.09,0,0.04,0.39,87,14,8.6,514,From Software,
Dark Souls III,PS4,2016,Role-Playing,Namco Bandai Games,0.65,0.45,0.34,0.22,1.65,89,69,8.8,1940,From Software,M
Dark Souls III,PC,2016,Role-Playing,Namco Bandai Games,0,0.07,0,0,0.07,89,56,8.6,1848,From Software,M
Digimon Story: Cyber Sleuth,PS4,2016,Role-Playing,Namco Bandai Games,0,0.1,0,0.02,0.11,75,45,8.5,289,Media Vision,T
Digimon World: Next Order,PSV,2016,Action,Namco Bandai Games,0,0,0.1,0,0.1,13,75,0,14,B.B.Studio,
Dragon Ball: Fusions,3DS,2016,Role-Playing,Namco Bandai Games,0.02,0,0.19,0,0.21,68,12,7.6,16,Ganbarion,T
Dragon Ball: Xenoverse 2,XOne,2016,Action,Namco Bandai Games,0.11,0.07,0,0.02,0.2,73,8,7.3,29,Dimps Corporation,T
Dragon Ball: Xenoverse 2,PS4,2016,Action,Namco Bandai Games,0.24,0.27,0.09,0.1,0.71,73,54,7.8,117,Dimps Corporation,T
Gakusen Toshi Asterisk Festa: Houka Kenran,PSV,2016,Fighting,Namco Bandai Games,0,0,0.03,0,0.03,48,31,4,60,,
God Eater Off Shot: Soma Shikkuzaru-hen Twin Pack & Animation Vol.4,PS4,2016,Action,Namco Bandai Games,0,0,0.02,0,0.02,94,0,8,12,,
God Eater Off Shot: Tachibana Sakuya-hen Twin Pack & Animation Vol.7,PS4,2016,Action,Namco Bandai Games,0,0,0.01,0,0.01,24,45,10,43,,
God Eater Off Shot:Shiou-hen Twin Pack & Animation Vol.5,PS4,2016,Misc,Namco Bandai Games,0,0,0.02,0,0.02,81,36,10,97,,
Gundam Breaker 3,PSV,2016,Action,Namco Bandai Games,0,0,0.12,0,0.12,62,87,3,31,,
Gundam Breaker 3,PS4,2016,Action,Namco Bandai Games,0,0,0.1,0,0.1,99,7,1,63,,
Kamen Rider: Battride War Genesis,PSV,2016,Action,Namco Bandai Games,0,0,0.05,0,0.05,91,45,2,69,,
Kamen Rider: Battride War Genesis,PS4,2016,Action,Namco Bandai Games,0,0,0.06,0,0.06,34,59,9,76,,
Kamen Rider: Battride War Genesis,PS3,2016,Action,Namco Bandai Games,0,0,0.04,0,0.04,24,77,4,96,,
Macross ? Scramble,PSV,2016,Action,Namco Bandai Games,0,0,0.04,0,0.04,5,48,7,38,,
My Hero Academia: Battle for All,3DS,2016,Action,Namco Bandai Games,0,0,0.04,0,0.04,86,55,9,80,,
Naruto Shippuden: Ultimate Ninja Storm 4,XOne,2016,Fighting,Namco Bandai Games,0.21,0.07,0,0.03,0.3,81,11,8.5,51,CyberConnect2,T
Naruto Shippuden: Ultimate Ninja Storm 4,PS4,2016,Fighting,Namco Bandai Games,0.41,0.45,0.11,0.17,1.14,79,60,8.2,201,CyberConnect2,T
Naruto Shippuden: Ultimate Ninja Storm Collection,PS3,2016,Action,Namco Bandai Games,0,0.01,0,0,0.01,50,82,5,49,,
One Piece: Burning Blood,XOne,2016,Fighting,Namco Bandai Games,0.03,0.02,0,0.01,0.06,60,10,5.8,12,Spike Chunsoft,T
One Piece: Burning Blood,PSV,2016,Fighting,Namco Bandai Games,0,0.02,0.07,0,0.1,62,4,7.8,10,Spike Chunsoft,T
One Piece: Burning Blood,PS4,2016,Fighting,Namco Bandai Games,0.11,0.13,0.07,0.05,0.35,66,45,7.8,49,Spike Chunsoft,T
One Piece: Daikaizoku Coliseum,3DS,2016,Fighting,Namco Bandai Games,0,0,0.03,0,0.03,35,3,10,79,,
Pac-Man Championship Edition 2 + Arcade Game Series,XOne,2016,Action,Namco Bandai Games,0.01,0,0,0,0.02,39,47,10,18,,
Pokken Tournament,WiiU,2016,Fighting,Namco Bandai Games,0.5,0.26,0.17,0.08,1.01,76,74,8,273,Bandai Namco Games,E10+
SD Gundam G Generation Genesis,PSV,2016,Strategy,Namco Bandai Games,0,0,0.09,0,0.09,67,75,8,64,,
SD Gundam G Generation Genesis,PS4,2016,Strategy,Namco Bandai Games,0,0,0.08,0,0.08,37,71,4,72,,
Summon Night 6: Lost Borders,PSV,2016,Action,Namco Bandai Games,0,0,0.06,0,0.06,90,90,10,57,Media Vision,
Summon Night 6: Lost Borders,PS4,2016,Action,Namco Bandai Games,0,0,0.03,0,0.03,25,22,4,50,Media Vision,
Super Battle For Money Sentouchuu: Kyuukyoku no Shinobu to Battle Player Choujou Kessen!,3DS,2016,Action,Namco Bandai Games,0,0,0.03,0,0.03,0,39,7,45,,
Super Robot Wars OG: The Moon Dwellers,PS4,2016,Misc,Namco Bandai Games,0,0,0.09,0,0.09,55,7,3,86,,
Super Robot Wars OG: The Moon Dwellers,PS3,2016,Misc,Namco Bandai Games,0,0,0.06,0,0.06,84,97,9,45,,
Sword Art Online: Hollow Realization,PSV,2016,Role-Playing,Namco Bandai Games,0,0.04,0.1,0.01,0.15,60,5,7,8,Bandai Namco Games,T
Sword Art Online: Hollow Realization,PS4,2016,Role-Playing,Namco Bandai Games,0.06,0.02,0.1,0.02,0.19,69,32,7.7,52,Bandai Namco Games,T
Taiko no Tatsujin: Don Don! Mystery Adventure,3DS,2016,Action,Namco Bandai Games,0,0,0.1,0,0.1,72,35,10,55,,
Tales of Berseria,PS4,2016,Role-Playing,Namco Bandai Games,0,0,0.23,0,0.23,45,2,5,21,Bandai Namco Games,T
Tales of Berseria,PS3,2016,Role-Playing,Namco Bandai Games,0,0,0.12,0,0.12,93,64,1,72,,
The Idolmaster: Platinum Stars,PS4,2016,Simulation,Namco Bandai Games,0,0,0.1,0,0.1,60,84,2,73,,
TV Anime Idolm@ster: Cinderella Girls G4U! Pack Vol.8,PS3,2016,Misc,Namco Bandai Games,0,0,0.02,0,0.02,52,18,3,19,,
TV Anime Idolm@ster: Cinderella Girls G4U! Pack Vol.9,PS3,2016,Misc,Namco Bandai Games,0,0,0.03,0,0.03,31,18,8,27,,
Valentino Rossi: The Game,XOne,2016,Racing,Namco Bandai Games,0.01,0.02,0,0,0.03,74,5,8.1,7,Milestone S.r.l,E
Valentino Rossi: The Game,PS4,2016,Racing,Namco Bandai Games,0.01,0.05,0,0.01,0.08,75,19,8,50,"Milestone, Milestone S.r.l",E
Valentino Rossi: The Game,PC,2016,Racing,Namco Bandai Games,0,0.01,0,0,0.01,72,4,6.2,14,"Milestone, Milestone S.r.l",E
Famista 64,N64,N/A,Sports,Namco Bandai Games,0,0,0.17,0.03,0.2,79,52,1,94,,
Inversion,PC,N/A,Shooter,Namco Bandai Games,0.01,0,0,0,0.01,59,6,6.7,107,Saber Interactive,M
Mobile Ops: The One Year War,X360,N/A,Simulation,Namco Bandai Games,0,0,0.06,0,0.06,33,3,1,65,"Dimps Corporation, Dream Execution",
Splatterhouse,PS3,N/A,Action,Namco Bandai Games,0.13,0.02,0,0.02,0.16,59,49,7.7,67,"Namco Bandai Games America, Namco Bandai Games",M
